who,color,hierarchy,polity,degree,clustering-coeff,resources,innovation
237,135,12,(turtle 186),16,0.025,-2707162.7799745696,9
554,135,11,(turtle 186),21,0.019047619047619,-795526.0112940847,7
301,135,7,(turtle 186),9,0.0277777777777777,-29080.040840026828,11
221,135,4,(turtle 186),18,0.0065359477124183,-113413.6977250462,9
137,135,10,(turtle 186),13,0.0,-388919.632099006,12
352,135,9,(turtle 186),13,0.0,-765783.6329034253,11
753,135,9,(turtle 186),16,0.0083333333333333,-229148.6680833643,8
641,135,11,(turtle 186),17,0.0147058823529411,-16606834.10742458,9
192,135,11,(turtle 186),17,0.0147058823529411,-2621061.437302234,9
833,135,7,(turtle 186),12,0.0,-90221.5890498948,10
820,135,0,(turtle 186),37,0.0135135135135135,-541970546.3709078,0
201,135,13,(turtle 186),25,0.01,-5617564.54716338,5
877,135,11,(turtle 186),16,0.0166666666666666,-705712.2307020634,8
836,135,9,(turtle 186),12,0.0,-71427.97671324469,15
915,135,8,(turtle 186),26,0.0153846153846153,-2806187.1228927444,6
152,135,14,(turtle 186),21,0.0285714285714285,-13229145.421348495,12
597,135,5,(turtle 186),19,0.0,-1308327.226089633,8
795,135,8,(turtle 186),19,0.023391812865497,-1237328.9732927252,8
551,135,5,(turtle 186),18,0.0196078431372549,-233614.8160203465,11
803,135,4,(turtle 186),5,0.0,1.7571351872954089,8
811,135,6,(turtle 186),11,0.0,-357200.71570087137,19
858,135,4,(turtle 186),7,0.0,-84580.5855493172,10
378,135,5,(turtle 186),17,0.0220588235294117,-5741717.463634612,11
685,135,3,(turtle 186),6,0.0,-18.481402425860523,14
542,135,1,(turtle 186),16,0.0166666666666666,-677525.1501835727,9
303,135,9,(turtle 186),12,0.0,-387323.9657531028,9
54,135,11,(turtle 186),19,0.0,-21117738.029383123,12
276,135,7,(turtle 186),11,0.0363636363636363,-292423.8144617744,8
676,135,10,(turtle 186),15,0.0285714285714285,-594337.704333581,15
900,135,6,(turtle 186),9,0.0,-82691.47694039751,14
621,135,6,(turtle 186),15,0.0,-35963.217500911785,9
160,135,9,(turtle 186),15,0.019047619047619,-599506.5301538795,14
865,135,7,(turtle 186),28,0.0026455026455026,-650660.6964044616,7
182,135,4,(turtle 186),6,0.0,-330669.4459359651,11
310,135,7,(turtle 186),10,0.0,-83342.04098264239,10
94,135,9,(turtle 186),25,0.0166666666666666,-144270.9244851729,9
396,135,9,(turtle 186),12,0.0303030303030303,-122348.4419356422,11
430,135,9,(turtle 186),15,0.0285714285714285,-11787.461185216664,9
18,135,5,(turtle 186),18,0.0130718954248366,-1469435.8048816205,7
58,135,13,(turtle 186),15,0.0285714285714285,-3509845.5096928943,16
671,135,7,(turtle 186),14,0.0,111.57783216070116,14
636,135,0,(turtle 186),36,0.0158730158730158,-1172852446.4131594,0
110,135,3,(turtle 186),10,0.0,-300832.31113452185,11
16,135,5,(turtle 186),16,0.0416666666666666,-75.33182692241965,11
426,135,4,(turtle 186),7,0.0476190476190476,5.530281583834559,13
176,135,9,(turtle 186),11,0.0181818181818181,-374438.8859993946,9
368,135,9,(turtle 186),16,0.0166666666666666,-943458.7592405196,7
539,135,8,(turtle 186),13,0.0,-372160.8914219143,8
180,135,11,(turtle 186),20,0.0210526315789473,-1091285.9377985897,12
648,135,6,(turtle 186),11,0.0,-341677.32183644985,11
163,135,7,(turtle 186),18,0.0130718954248366,-1120523.0107927988,8
501,135,8,(turtle 186),8,0.0,-408832.9149609775,11
942,135,11,(turtle 186),22,0.0216450216450216,-2331868.887304106,6
353,135,8,(turtle 186),13,0.0,-1070939.3608498652,8
360,135,10,(turtle 186),17,0.0220588235294117,-212725.90096200584,13
752,135,4,(turtle 186),9,0.0,7.380556673857225,13
714,135,4,(turtle 186),31,0.0172043010752688,-2376691.9599755867,0
667,135,6,(turtle 186),10,0.0222222222222222,-101077.51411418631,8
331,135,5,(turtle 186),10,0.0,-49926.27430766322,12
157,135,11,(turtle 186),18,0.0261437908496732,-647414.1688280582,12
890,135,1,(turtle 186),22,0.0173160173160173,-2842423.935043869,8
882,135,5,(turtle 186),14,0.0109890109890109,-802300.5315364371,10
563,135,0,(turtle 186),15,0.0095238095238095,-2141628.3714995114,9
661,135,10,(turtle 186),14,0.0219780219780219,-227588.11597636883,9
407,135,3,(turtle 186),6,0.0,-152.3801528128159,10
777,135,5,(turtle 186),12,0.0151515151515151,-13214.23590866284,11
390,135,4,(turtle 186),11,0.0,-9086.225533434475,8
965,135,11,(turtle 186),24,0.0181159420289855,-762847.2776186585,7
815,135,8,(turtle 186),13,0.0128205128205128,-332510.4564482345,12
901,135,7,(turtle 186),17,0.0073529411764705,-20836.12195076439,6
723,135,7,(turtle 186),13,0.0,-218844.4981804284,11
132,135,5,(turtle 186),9,0.0,3.457887707592757,14
522,135,4,(turtle 186),11,0.0,7.393303822724916,18
502,135,8,(turtle 186),19,0.0058479532163742,-186370.94346072795,8
239,135,14,(turtle 186),18,0.0130718954248366,-3147925.5064102733,9
524,135,7,(turtle 186),17,0.0220588235294117,-454997.1809535311,13
925,135,13,(turtle 186),20,0.031578947368421,-41951186.08087228,13
775,135,7,(turtle 186),11,0.0363636363636363,-174711.44443356578,10
392,135,10,(turtle 186),15,0.0095238095238095,-1552840.5175773771,14
936,135,7,(turtle 186),11,0.0181818181818181,-145530.5581325011,11
240,135,6,(turtle 186),14,0.0109890109890109,-102029.41408640974,17
139,135,6,(turtle 186),10,0.0444444444444444,-16984.46577613028,13
63,135,9,(turtle 186),17,0.0073529411764705,-1449932.619532998,9
463,135,4,(turtle 186),15,0.0,389.9915904553472,15
809,135,9,(turtle 186),14,0.0329670329670329,-307223.5479892508,8
838,135,9,(turtle 186),11,0.0,-134738.37742738047,12
773,135,11,(turtle 186),23,0.0079051383399209,-390202.9689170322,11
930,135,6,(turtle 186),15,0.0,-35139.51305348296,10
17,135,12,(turtle 186),15,0.0095238095238095,-2840320.781828936,10
59,135,9,(turtle 186),15,0.0095238095238095,-1195441.493951344,12
947,135,11,(turtle 186),15,0.0095238095238095,-549896.8589494068,6
914,135,10,(turtle 186),17,0.0073529411764705,-377718.9107714284,10
338,135,6,(turtle 186),22,0.0129870129870129,-15308.39679059745,7
330,135,6,(turtle 186),10,0.0444444444444444,-600351.4796684687,15
689,135,5,(turtle 186),12,0.0151515151515151,-214067.97136175644,11
517,135,6,(turtle 186),10,0.0,-8677.350278452535,15
85,135,13,(turtle 186),18,0.0196078431372549,-6733133.961407921,10
320,135,7,(turtle 186),10,0.0,-542726.718582767,12
205,135,11,(turtle 186),16,0.0083333333333333,-732228.2890017051,6
863,135,6,(turtle 186),26,0.0153846153846153,-1661583.6078107434,7
631,135,11,(turtle 186),16,0.0166666666666666,-981308.3489187108,7
656,135,9,(turtle 186),16,0.0083333333333333,-963817.9468698142,8
574,135,8,(turtle 186),14,0.0109890109890109,-1021748.3050656818,11
45,135,3,(turtle 186),7,0.0476190476190476,-175087.47839681245,11
612,135,8,(turtle 186),18,0.0196078431372549,-77944.93638852195,10
704,135,7,(turtle 186),13,0.0,-217807.8964433667,10
243,135,2,(turtle 186),7,0.0476190476190476,4.247421914887069,18
857,135,7,(turtle 186),13,0.0256410256410256,-652208.0468477596,16
427,135,9,(turtle 186),13,0.0384615384615384,-634016.4510309099,13
783,135,9,(turtle 186),15,0.0095238095238095,-703821.8213398472,11
518,135,3,(turtle 186),10,0.0222222222222222,6.03977530642632,16
994,135,7,(turtle 186),11,0.0,-268745.7668966705,8
483,135,10,(turtle 186),16,0.0416666666666666,-799411.6958698737,8
548,135,11,(turtle 186),15,0.0285714285714285,-482134.8698010149,6
300,135,10,(turtle 186),11,0.0545454545454545,-327902.88432427694,10
120,135,8,(turtle 186),16,0.0166666666666666,-961888.0676896492,11
451,135,8,(turtle 186),15,0.0095238095238095,-1183080.167085183,16
950,135,6,(turtle 186),12,0.0303030303030303,-8084.687223058094,7
732,135,8,(turtle 186),16,0.025,-985137.449842312,8
217,135,2,(turtle 186),9,0.0,25.58646069961258,14
674,135,8,(turtle 186),12,0.0,-300874.8760221359,10
83,135,8,(turtle 186),14,0.0109890109890109,-289902.2820847853,15
905,135,7,(turtle 186),13,0.0128205128205128,-370334.4239498474,14
314,135,4,(turtle 186),8,0.0,5.067348259948257,13
528,135,6,(turtle 186),13,0.0128205128205128,-189296.67861851305,8
727,135,7,(turtle 186),16,0.0083333333333333,-262137.4084205032,9
912,135,4,(turtle 186),7,0.0,6.75185992765387,12
875,135,12,(turtle 186),22,0.0216450216450216,-2279172.7784161703,6
145,135,7,(turtle 186),15,0.0095238095238095,-451233.55677157495,6
603,135,10,(turtle 186),23,0.0237154150197628,-194442.39863391835,8
922,135,12,(turtle 186),17,0.0294117647058823,-812571.5442800652,9
334,135,10,(turtle 186),18,0.0130718954248366,-289101.5329228042,7
486,135,10,(turtle 186),22,0.0259740259740259,-919161.6576843442,7
397,135,2,(turtle 186),11,0.0181818181818181,-28923.67048825433,9
626,135,8,(turtle 186),17,0.0220588235294117,-27775.44265162988,11
927,135,11,(turtle 186),23,0.0158102766798418,-539181.7041664963,15
489,135,3,(turtle 186),13,0.0,3.645924688481825,15
93,135,10,(turtle 186),17,0.0220588235294117,-152630.7986182614,13
817,135,5,(turtle 186),14,0.0219780219780219,5.4544377455576605,12
695,135,6,(turtle 186),14,0.0109890109890109,-22577.941064009505,18
825,135,10,(turtle 186),15,0.019047619047619,-329829.39417338814,11
208,135,5,(turtle 186),9,0.0,-68155.46749018374,10
333,135,5,(turtle 186),5,0.0,-56605.86340293844,10
391,135,12,(turtle 186),21,0.0333333333333333,-2775416.380828901,15
215,135,4,(turtle 186),12,0.0,-794.9081968665195,7
467,135,6,(turtle 186),11,0.0,-291957.49642112845,12
568,135,3,(turtle 186),10,0.0222222222222222,-159622.98951445238,9
445,135,11,(turtle 186),23,0.0158102766798418,-1295698.0345412325,13
602,135,12,(turtle 186),16,0.025,-1325812.242250305,10
668,135,13,(turtle 186),18,0.0130718954248366,-1788938.9250936017,11
474,135,11,(turtle 186),13,0.0,-1858284.647546301,7
174,135,12,(turtle 186),26,0.0123076923076923,-4990717.426507511,6
466,135,3,(turtle 186),18,0.0326797385620915,-828900.3049286107,7
251,135,5,(turtle 186),10,0.0,-377368.2423775889,9
866,135,3,(turtle 186),11,0.0,2.985247879699789,11
988,135,10,(turtle 186),12,0.0303030303030303,-389796.0909251408,10
171,135,7,(turtle 186),15,0.0,-43107.0762657945,6
968,135,8,(turtle 186),12,0.0303030303030303,-1573103.3492935973,11
993,135,0,(turtle 186),22,0.0129870129870129,-15543683.592057148,6
941,135,11,(turtle 186),24,0.0036231884057971,-435307.3476136967,6
983,135,3,(turtle 186),15,0.0380952380952381,-47078.29667842509,5
122,135,7,(turtle 186),17,0.0147058823529411,-179532.45615056437,6
622,135,1,(turtle 186),13,0.0256410256410256,-15413.231122107763,7
354,135,5,(turtle 186),14,0.0219780219780219,-42872.09505366968,8
452,135,6,(turtle 186),17,0.0147058823529411,-852036.0891557519,11
788,135,10,(turtle 186),15,0.0285714285714285,-387187.201184103,11
874,135,6,(turtle 186),9,0.0555555555555555,8.596672561470113,12
673,135,3,(turtle 186),23,0.0197628458498023,-55336.24097238983,7
438,135,7,(turtle 186),16,0.0083333333333333,-604192.3301941177,10
364,135,9,(turtle 186),15,0.0095238095238095,-57726.68072891862,8
919,135,4,(turtle 186),11,0.0,6.553763842729232,14
346,135,12,(turtle 186),17,0.0147058823529411,-665287.9204147172,11
345,135,1,(turtle 186),19,0.0175438596491228,-9590097.766591342,8
151,135,1,(turtle 186),13,0.0256410256410256,-68671.01050163568,8
780,135,8,(turtle 186),13,0.0128205128205128,-121714.01806541775,11
21,135,4,(turtle 186),7,0.0,-7388.18785771115,13
249,135,5,(turtle 186),10,0.0222222222222222,-62832.66694256364,10
904,135,10,(turtle 186),14,0.0219780219780219,-974183.9615541168,10
593,135,10,(turtle 186),12,0.0151515151515151,-294919.6807537674,12
831,135,10,(turtle 186),13,0.0,-1090206.483796363,14
898,135,11,(turtle 186),17,0.0294117647058823,-538446.6877282026,12
588,135,6,(turtle 186),10,0.0,-249576.40453548756,8
767,135,8,(turtle 186),11,0.0,-152480.8447232559,8
79,135,7,(turtle 186),13,0.0,-487748.5715682628,9
598,135,5,(turtle 186),13,0.0128205128205128,-100507.55328090151,14
31,135,6,(turtle 186),10,0.0666666666666666,-2943.2649410474887,11
776,135,4,(turtle 186),19,0.023391812865497,-213040.5745936929,6
711,135,6,(turtle 186),12,0.0,-50906.1431771448,13
358,135,10,(turtle 186),17,0.0,-449148.3159222364,16
247,135,11,(turtle 186),16,0.0,-616519.9061442631,13
6,135,10,(turtle 186),16,0.0083333333333333,-174223.10231812744,11
758,135,6,(turtle 186),14,0.0219780219780219,-114987.72735458054,14
808,135,5,(turtle 186),20,0.0,-6177964.022685918,9
506,135,6,(turtle 186),10,0.0222222222222222,-6285.727286862373,16
112,135,5,(turtle 186),7,0.0,-40424.50249418363,11
569,135,7,(turtle 186),14,0.0439560439560439,-873482.7692611904,10
383,135,4,(turtle 186),17,0.0073529411764705,-499221.8179720701,7
409,135,4,(turtle 186),10,0.0222222222222222,-203276.54011579943,17
564,135,10,(turtle 186),19,0.023391812865497,-350795.9542335571,10
934,135,13,(turtle 186),19,0.023391812865497,-5011520.383829802,9
525,135,9,(turtle 186),14,0.0219780219780219,-200860.15409891304,15
493,135,7,(turtle 186),13,0.0,-418366.3557838724,7
510,135,13,(turtle 186),21,0.0095238095238095,-1787470.0834582886,7
114,135,10,(turtle 186),18,0.0326797385620915,-593905.7815400157,15
589,135,8,(turtle 186),16,0.0166666666666666,-210612.5140614218,11
733,135,5,(turtle 186),8,0.0,-146488.74910197945,12
826,135,6,(turtle 186),8,0.0,-387666.7079256604,5
308,135,8,(turtle 186),17,0.0147058823529411,-421266.579260168,10
65,135,7,(turtle 186),14,0.0219780219780219,-117830.24675099,10
670,135,10,(turtle 186),15,0.0095238095238095,-133678.15940466098,9
679,135,7,(turtle 186),12,0.0,-667203.3441698143,9
740,135,6,(turtle 186),19,0.0292397660818713,-1392043.2362741963,9
30,135,7,(turtle 186),8,0.0,-150263.62146326495,12
700,135,6,(turtle 186),10,0.0,-21040.35365275637,10
779,135,9,(turtle 186),16,0.025,-220553.5217554781,11
872,135,4,(turtle 186),12,0.0,6.173451169439427,19
620,135,5,(turtle 186),9,0.0,7.401135193951394,14
37,135,8,(turtle 186),12,0.0303030303030303,-206813.978865646,9
165,135,7,(turtle 186),10,0.0222222222222222,-388190.7527952101,13
824,135,7,(turtle 186),11,0.0,-94218.97486994334,13
519,135,9,(turtle 186),12,0.0303030303030303,-265699.32675608667,14
49,135,9,(turtle 186),13,0.0128205128205128,-362659.24616235687,12
382,135,4,(turtle 186),10,0.0,-89803.58294530402,11
473,135,10,(turtle 186),15,0.0095238095238095,-596669.7516715204,10
724,135,0,(turtle 186),14,0.0,-3628341.534050434,9
95,135,8,(turtle 186),21,0.0142857142857142,-506083.97124801774,7
356,135,9,(turtle 186),20,0.0368421052631578,-470381.4622304123,8
444,135,8,(turtle 186),12,0.0,-796096.4206592805,9
604,135,8,(turtle 186),16,0.0416666666666666,-91786.6461970295,11
294,135,8,(turtle 186),12,0.0303030303030303,-357299.53709657723,11
52,135,5,(turtle 186),15,0.0,-15.74367527258796,16
259,135,7,(turtle 186),12,0.0151515151515151,-87170.49142213896,11
306,135,6,(turtle 186),13,0.0512820512820512,-343621.927356419,10
812,135,3,(turtle 186),19,0.0,-35251.1746110188,5
461,135,9,(turtle 186),14,0.0109890109890109,-105978.65062042436,17
315,135,8,(turtle 186),12,0.0303030303030303,-1456578.5548422018,9
108,135,12,(turtle 186),20,0.0263157894736842,-3728630.443945128,9
958,135,7,(turtle 186),27,0.017094017094017,-2154416.8556379126,7
73,135,10,(turtle 186),13,0.0,-528093.9944625464,10
443,135,8,(turtle 186),16,0.0083333333333333,-43989.00280038589,13
196,135,9,(turtle 186),15,0.019047619047619,-160878.87202891134,9
381,135,7,(turtle 186),9,0.0,-17697.386555144065,16
899,135,12,(turtle 186),18,0.0130718954248366,-1664026.844777713,8
871,135,9,(turtle 186),17,0.0073529411764705,-222736.93922813443,7
267,135,9,(turtle 186),14,0.0,-40473.30002245802,12
535,135,8,(turtle 186),12,0.0151515151515151,-517407.9551112702,11
883,135,7,(turtle 186),8,0.0357142857142857,-391112.4577369712,10
117,135,11,(turtle 186),19,0.0058479532163742,-1185534.5208095242,12
89,135,7,(turtle 186),10,0.0444444444444444,-175119.76057209878,11
5,135,10,(turtle 186),16,0.0166666666666666,-826888.7564694152,10
442,135,8,(turtle 186),17,0.0073529411764705,-196747.6436879724,13
312,135,8,(turtle 186),9,0.0,-402034.39230980334,10
657,135,5,(turtle 186),21,0.0095238095238095,-713001.4145706891,6
405,135,7,(turtle 186),14,0.0219780219780219,-434598.9585751764,12
326,135,8,(turtle 186),14,0.0109890109890109,-203837.45163476045,10
422,135,10,(turtle 186),14,0.0109890109890109,-437977.5700634277,11
987,135,6,(turtle 186),11,0.0,-178389.97281718196,12
90,135,8,(turtle 186),18,0.0261437908496732,-501694.7474794015,8
43,135,6,(turtle 186),14,0.0109890109890109,-438447.833856334,10
225,135,9,(turtle 186),22,0.0216450216450216,-1079719.3351848305,8
226,135,6,(turtle 186),8,0.0357142857142857,-268237.5004352807,11
327,135,7,(turtle 186),11,0.0,-293998.3251935111,8
839,135,4,(turtle 186),8,0.0,-413208.5151050014,15
924,135,0,(turtle 186),37,0.0225225225225225,-1045720050.8211184,0
27,135,4,(turtle 186),15,0.0285714285714285,-626492.2360662767,9
115,135,9,(turtle 186),14,0.0,-213320.57813043223,10
677,135,7,(turtle 186),15,0.0095238095238095,-682000.3073940407,8
260,135,9,(turtle 186),19,0.0175438596491228,-392773.53652052814,7
223,135,10,(turtle 186),12,0.0,-299270.77152588265,11
986,135,7,(turtle 186),9,0.0,-481344.8146860593,12
577,135,6,(turtle 186),8,0.0357142857142857,-111733.9034927639,17
629,135,9,(turtle 186),14,0.0329670329670329,-49364.062477862535,13
512,135,7,(turtle 186),22,0.0086580086580086,-21486.75037701464,11
859,135,6,(turtle 186),13,0.0,-4851.532867981039,18
414,135,7,(turtle 186),18,0.0130718954248366,-130327.78362324613,7
477,135,12,(turtle 186),16,0.0166666666666666,-3035457.542455498,10
106,135,9,(turtle 186),18,0.0130718954248366,-1133590.3270732465,8
191,135,8,(turtle 186),12,0.0151515151515151,-174257.4344223373,11
351,135,9,(turtle 186),13,0.0384615384615384,-136049.18697491215,14
726,135,8,(turtle 186),18,0.0,-14084.717645187133,15
699,135,7,(turtle 186),10,0.0444444444444444,-256098.08264329832,8
102,135,5,(turtle 186),10,0.0,-117781.60626250644,12
415,135,2,(turtle 186),14,0.0,-298983.01003929385,9
434,135,12,(turtle 186),15,0.0,-2421533.3320948286,11
394,135,8,(turtle 186),18,0.0326797385620915,-282835.00958497333,12
103,135,5,(turtle 186),14,0.0439560439560439,-196820.5180467392,16
623,135,5,(turtle 186),5,0.0,-39013.28744126783,14
937,135,5,(turtle 186),10,0.0,-228.3631140891779,15
282,135,13,(turtle 186),19,0.0058479532163742,-22047809.34469692,7
514,135,9,(turtle 186),19,0.0116959064327485,-987457.2533753772,7
23,135,6,(turtle 186),12,0.0303030303030303,-17858.062423608084,9
408,135,11,(turtle 186),16,0.0416666666666666,-510131.1367407141,8
412,135,7,(turtle 186),14,0.0109890109890109,238.13455358587456,18
485,135,11,(turtle 186),16,0.025,-600915.1955943916,7
786,135,5,(turtle 186),13,0.0,-10110.823919560396,12
170,135,7,(turtle 186),17,0.0073529411764705,-71424.52540617961,10
540,135,13,(turtle 186),22,0.0173160173160173,-2470629.836057632,8
121,135,5,(turtle 186),6,0.0,-64.71288143554693,9
376,135,11,(turtle 186),15,0.0095238095238095,-718959.7741911679,13
869,135,11,(turtle 186),17,0.0147058823529411,-1116531.6774026037,9
887,135,9,(turtle 186),12,0.0,-739803.191751198,10
867,135,10,(turtle 186),25,0.0333333333333333,-186029066.80420032,9
851,135,10,(turtle 186),14,0.0549450549450549,-826955.4242161023,7
169,135,0,(turtle 186),20,0.0105263157894736,-20076350.237045564,9
495,135,8,(turtle 186),15,0.0,-1863737.85748905,8
280,135,13,(turtle 186),20,0.0157894736842105,-1381985.345893195,8
894,135,7,(turtle 186),15,0.0380952380952381,-30334.258037973406,7
906,135,5,(turtle 186),14,0.0439560439560439,-341845.1003064915,12
832,135,8,(turtle 186),16,0.0166666666666666,-209234.67701112668,7
347,135,11,(turtle 186),15,0.0095238095238095,-748509.9681291084,9
792,135,8,(turtle 186),14,0.0439560439560439,-307866.54540214594,8
72,135,6,(turtle 186),12,0.0151515151515151,-22818.879903157107,10
984,135,12,(turtle 186),19,0.0175438596491228,-661369.9181065493,8
321,135,11,(turtle 186),21,0.0238095238095238,-354677.06050138763,8
178,135,13,(turtle 186),19,0.0175438596491228,-3307625.3660607208,10
429,135,4,(turtle 186),11,0.0363636363636363,-185139.9856701484,10
694,135,10,(turtle 186),22,0.0129870129870129,-1259138.8283989397,8
910,135,5,(turtle 186),12,0.0151515151515151,-483031.70586173015,16
888,135,8,(turtle 186),10,0.0222222222222222,-161309.7361164415,12
468,135,10,(turtle 186),11,0.0,-389175.1638854634,13
436,135,7,(turtle 186),11,0.0,-129544.33681469958,9
39,135,9,(turtle 186),15,0.0095238095238095,-280733.38436740753,15
56,135,3,(turtle 186),14,0.0109890109890109,-219046.3501572169,7
168,135,6,(turtle 186),17,0.0147058823529411,-281719.08229373,7
266,135,2,(turtle 186),16,0.0,-31451.906472936786,7
265,135,11,(turtle 186),16,0.0166666666666666,-1068463.310147925,9
818,135,7,(turtle 186),12,0.0151515151515151,-18416.807660358823,17
946,135,5,(turtle 186),10,0.0,-269430.9048317849,10
617,135,10,(turtle 186),16,0.0,-193526.97074077465,14
655,135,7,(turtle 186),14,0.0109890109890109,-269068.5350136964,9
651,135,7,(turtle 186),14,0.0109890109890109,-1267400.3545598371,10
285,135,6,(turtle 186),16,0.0166666666666666,-83.23973180799882,16
440,135,8,(turtle 186),13,0.0256410256410256,-259526.2803692477,12
369,135,2,(turtle 186),13,0.0256410256410256,-735802.7138580242,8
155,135,10,(turtle 186),17,0.0294117647058823,-936383.5216851124,11
340,135,5,(turtle 186),11,0.0,3.414432379267903,15
972,135,10,(turtle 186),15,0.0285714285714285,-707028.0524398842,9
975,135,5,(turtle 186),12,0.0606060606060606,-175099.73350659185,10
757,135,7,(turtle 186),12,0.0303030303030303,-237090.25097705427,10
148,135,17,(turtle 186),33,0.0151515151515151,-144215180.52990875,0
74,135,8,(turtle 186),17,0.0147058823529411,-493942.0155290286,13
787,135,10,(turtle 186),17,0.0367647058823529,-585580.3562144253,10
216,135,7,(turtle 186),10,0.0222222222222222,-134811.06260189385,10
854,135,5,(turtle 186),9,0.0277777777777777,2.838348066045378,19
299,135,9,(turtle 186),14,0.0,-499509.8797917522,8
896,135,6,(turtle 186),8,0.0,-98578.0000542755,9
625,135,10,(turtle 186),20,0.0052631578947368,-2855355.81307112,9
252,135,10,(turtle 186),14,0.0219780219780219,-321450.3879330166,12
234,135,4,(turtle 186),11,0.0,-9427.501369436526,8
480,135,11,(turtle 186),18,0.0,-947783.6274071812,10
214,135,7,(turtle 186),15,0.019047619047619,-216552.3109745026,15
36,135,11,(turtle 186),15,0.019047619047619,-118245.31560729428,13
173,135,12,(turtle 186),21,0.0142857142857142,-1549431.9008925213,11
250,135,9,(turtle 186),12,0.0303030303030303,-275739.4971162428,10
437,135,5,(turtle 186),34,0.0106951871657754,-3941823.494012898,0
521,135,6,(turtle 186),9,0.0277777777777777,4.145352620699199,21
84,135,4,(turtle 186),12,0.0303030303030303,7.95774922464512,10
835,135,2,(turtle 186),23,0.0276679841897233,-725969.4769917578,0
614,135,9,(turtle 186),17,0.0073529411764705,-351863.7425229137,9
458,135,8,(turtle 186),22,0.0129870129870129,-576489.8311744792,6
318,135,7,(turtle 186),8,0.0,-734666.0904475632,11
583,135,2,(turtle 186),4,0.0,-132166.2161544285,16
48,135,7,(turtle 186),10,0.0222222222222222,-110390.8187642456,10
669,135,11,(turtle 186),16,0.0166666666666666,-950535.8684350752,9
159,135,9,(turtle 186),16,0.0083333333333333,-157489.22679150006,12
558,135,3,(turtle 186),8,0.0357142857142857,3.4282197761285174,16
943,135,8,(turtle 186),17,0.0,-179475.34236648824,11
553,135,8,(turtle 186),15,0.0380952380952381,-758334.3091274797,12
635,135,5,(turtle 186),18,0.0130718954248366,527.8525050866309,14
309,135,8,(turtle 186),8,0.0,-467665.3613847837,9
746,135,5,(turtle 186),16,0.0333333333333333,-909711.2214900396,10
68,135,6,(turtle 186),18,0.0065359477124183,-629080.9501359722,11
567,135,5,(turtle 186),12,0.0151515151515151,-78176.53592135369,11
146,135,6,(turtle 186),10,0.0222222222222222,-7999.83624425743,13
878,135,10,(turtle 186),17,0.0220588235294117,-336333.27849955123,10
680,135,5,(turtle 186),9,0.0,1.8549689556135232,9
127,135,8,(turtle 186),11,0.0181818181818181,-291500.9352134139,10
650,135,11,(turtle 186),16,0.0083333333333333,-497623.9707257413,11
799,135,4,(turtle 186),10,0.0,-75043.70418593346,10
885,135,15,(turtle 186),28,0.0105820105820105,-14607446.40177054,9
125,135,9,(turtle 186),16,0.0,-943818.357469999,8
154,135,12,(turtle 186),22,0.0129870129870129,-1771494.1076605238,9
712,135,10,(turtle 186),16,0.0166666666666666,-1109413.089061734,7
272,135,8,(turtle 186),22,0.0043290043290043,-1600962.319395987,11
261,135,9,(turtle 186),12,0.0151515151515151,-261284.31202408217,15
304,135,3,(turtle 186),8,0.0,-30.058030938306125,12
377,135,10,(turtle 186),17,0.0,-314544.17893447104,12
449,135,12,(turtle 186),16,0.0166666666666666,-1443112.5898423712,8
856,135,7,(turtle 186),9,0.0,-56001.8114395835,14
511,135,5,(turtle 186),10,0.0,-396577.0706592761,8
596,135,9,(turtle 186),12,0.0151515151515151,-221378.88032772625,9
499,135,14,(turtle 186),17,0.0294117647058823,-17633721.97336338,8
189,135,11,(turtle 186),17,0.0367647058823529,-1541402.024435732,13
543,135,3,(turtle 186),12,0.0151515151515151,8.94205622009338,19
433,135,9,(turtle 186),18,0.0065359477124183,-919250.5033986547,5
852,135,7,(turtle 186),14,0.0109890109890109,-153930.02081469237,15
290,135,4,(turtle 186),9,0.0277777777777777,-205470.75455015732,9
755,135,9,(turtle 186),15,0.0095238095238095,-434679.58311554266,13
532,135,10,(turtle 186),13,0.0384615384615384,-403984.5868752589,7
218,135,10,(turtle 186),14,0.0109890109890109,-208671.97343854187,10
441,135,8,(turtle 186),14,0.0,-626939.4728846875,7
296,135,8,(turtle 186),10,0.0,-230945.21302175836,11
546,135,6,(turtle 186),11,0.0,-827039.440486429,9
207,135,10,(turtle 186),18,0.0065359477124183,-1075530.5817636747,7
488,135,6,(turtle 186),13,0.0384615384615384,-419665.62134380935,13
100,135,5,(turtle 186),10,0.0,-341782.9107282699,9
646,135,7,(turtle 186),12,0.0,-1288.19321949385,11
186,135,3,(turtle 186),22,0.0259740259740259,-3958050.2768031936,8
200,135,12,(turtle 186),22,0.0043290043290043,-613654.8119130726,10
373,135,3,(turtle 186),14,0.0329670329670329,-1167051.7030034205,9
868,135,0,(turtle 186),19,0.0350877192982456,-10965681.221518649,8
209,135,11,(turtle 186),18,0.0065359477124183,-303104.3828884916,14
682,135,11,(turtle 186),16,0.0333333333333333,-1116756.7189621392,7
211,135,9,(turtle 186),20,0.0263157894736842,-296579.101468676,8
678,135,4,(turtle 186),15,0.0095238095238095,-2498968.278496341,11
465,135,7,(turtle 186),9,0.0555555555555555,-9746.862844696048,15
124,135,10,(turtle 186),14,0.0329670329670329,-98974.81237479315,12
135,135,5,(turtle 186),13,0.0128205128205128,-24068.544501026263,11
547,135,11,(turtle 186),18,0.0130718954248366,-431659.3186323931,14
411,135,13,(turtle 186),19,0.0175438596491228,-2095510.3622600837,8
630,135,12,(turtle 186),15,0.0285714285714285,-1471995.5910645046,11
475,135,5,(turtle 186),20,0.0105263157894736,6.739874957255302,12
618,135,8,(turtle 186),11,0.0181818181818181,-24407.87649570612,14
70,135,8,(turtle 186),15,0.0,-589974.9507787236,10
876,135,1,(turtle 186),19,0.023391812865497,-595050.0534941861,7
736,135,6,(turtle 186),12,0.0,-52899.10661663783,19
561,135,12,(turtle 186),20,0.0157894736842105,-4270697.930444465,8
822,135,12,(turtle 186),21,0.0047619047619047,-4019668.7720892825,7
584,135,7,(turtle 186),18,0.0261437908496732,-177767.27540999578,13
816,135,7,(turtle 186),10,0.0,-44900.51187521783,12
891,135,7,(turtle 186),11,0.0363636363636363,-487796.4304032611,9
696,135,5,(turtle 186),14,0.0,-157441.90469175435,8
78,135,5,(turtle 186),7,0.0,-62337.77698586944,9
513,135,9,(turtle 186),19,0.0116959064327485,-8070307.987612493,11
60,135,5,(turtle 186),13,0.0256410256410256,-110842.26486061116,12
469,135,3,(turtle 186),14,0.0219780219780219,6.488376412635032,9
932,135,8,(turtle 186),15,0.0095238095238095,-283026.13493095944,12
479,135,3,(turtle 186),6,0.0,-1274.473447117139,13
454,135,6,(turtle 186),14,0.0,-201361.67654609744,9
33,135,6,(turtle 186),14,0.0109890109890109,-875741.3298638549,9
575,135,3,(turtle 186),23,0.0039525691699604,-1153838.0506027043,5
131,135,5,(turtle 186),11,0.0363636363636363,-18.67836425762174,11
903,135,7,(turtle 186),12,0.0303030303030303,-116405.67908832784,12
609,135,9,(turtle 186),20,0.0210526315789473,-2381660.04060045,9
295,135,3,(turtle 186),9,0.0,3.795052225356916,13
578,135,8,(turtle 186),22,0.0173160173160173,-88519.59336872565,9
210,135,10,(turtle 186),13,0.0128205128205128,-47424.05599608111,13
737,135,5,(turtle 186),12,0.0303030303030303,5.960514880452672,15
35,135,7,(turtle 186),14,0.0,-278607.2804473759,11
367,135,8,(turtle 186),13,0.0128205128205128,-282127.43794695614,7
158,135,12,(turtle 186),21,0.0142857142857142,-22648646.215355366,11
329,135,8,(turtle 186),19,0.0058479532163742,-745917.1483744584,8
298,135,4,(turtle 186),21,0.0142857142857142,-529485.2112808737,6
913,135,5,(turtle 186),12,0.0,-142014.89763870343,8
255,135,6,(turtle 186),11,0.0181818181818181,-749614.0982586353,9
355,135,6,(turtle 186),15,0.0095238095238095,-8.257429223049428,7
951,135,7,(turtle 186),14,0.0109890109890109,-139206.88288919345,11
797,135,11,(turtle 186),19,0.0116959064327485,-1436105.6064595263,7
827,135,7,(turtle 186),10,0.0,-289557.4394378583,10
262,135,8,(turtle 186),12,0.0,-673654.2609965713,10
118,135,11,(turtle 186),14,0.0,-435437.0422280262,14
328,135,10,(turtle 186),15,0.019047619047619,-239348.9110853891,7
487,135,8,(turtle 186),13,0.0128205128205128,-582219.820270665,12
32,135,4,(turtle 186),8,0.0714285714285714,-85534.05353219161,11
893,135,6,(turtle 186),12,0.0,7.077285657961711,18
967,135,11,(turtle 186),18,0.0065359477124183,-2397524.3025001986,9
638,135,0,(turtle 186),7,0.0,-106517.23128567536,10
552,135,5,(turtle 186),13,0.0128205128205128,-44245.62922359494,10
770,135,6,(turtle 186),10,0.0,-332057.60027866275,11
193,135,6,(turtle 186),9,0.0277777777777777,-12299.301599502984,12
500,135,6,(turtle 186),17,0.0294117647058823,-855719.337707126,7
76,135,4,(turtle 186),6,0.0,-6523.010528166863,11
254,135,1,(turtle 186),11,0.0,23.680877163512243,16
759,135,8,(turtle 186),19,0.0116959064327485,-337758.6439594956,7
938,135,9,(turtle 186),14,0.0109890109890109,-207522.4507316829,10
534,135,2,(turtle 186),8,0.0,6.310877422276468,14
50,135,10,(turtle 186),13,0.0512820512820512,-312161.5414119032,10
302,135,9,(turtle 186),27,0.0199430199430199,-4001841.041822584,6
323,135,9,(turtle 186),16,0.0083333333333333,-602056.6009878739,10
162,135,8,(turtle 186),15,0.019047619047619,-541686.6179784079,9
909,135,11,(turtle 186),15,0.019047619047619,-21880583.73820932,9
545,135,11,(turtle 186),16,0.0333333333333333,-973615.6446546644,13
992,135,7,(turtle 186),11,0.0181818181818181,-549260.9962899849,8
269,135,12,(turtle 186),17,0.0294117647058823,-902964.0153325212,13
402,135,2,(turtle 186),18,0.0130718954248366,-362.55682427831226,9
47,135,6,(turtle 186),11,0.0909090909090909,-249039.3162289434,10
969,135,11,(turtle 186),14,0.0219780219780219,-509957.365767007,9
343,135,7,(turtle 186),9,0.0,-431172.3723559189,14
336,135,10,(turtle 186),12,0.0454545454545454,-299533.1730678773,10
406,135,3,(turtle 186),29,0.0073891625615763,-2273429.285831881,0
379,135,9,(turtle 186),19,0.0409356725146198,-714127.9026174806,11
763,135,14,(turtle 186),20,0.0105263157894736,-7633886.506256039,9
830,135,9,(turtle 186),11,0.0363636363636363,-395365.1986005368,9
675,135,6,(turtle 186),10,0.0444444444444444,-372785.0742068342,15
886,135,3,(turtle 186),19,0.0292397660818713,-3747.403139069897,7
697,135,8,(turtle 186),11,0.0,-91176.4195075297,14
864,135,9,(turtle 186),17,0.0,-333782.86875905545,9
948,135,4,(turtle 186),20,0.0105263157894736,-143439.569767821,4
389,135,13,(turtle 186),18,0.0065359477124183,-2379831.770537541,5
557,135,15,(turtle 186),30,0.0229885057471264,-23261157.307231,3
666,135,6,(turtle 186),11,0.0181818181818181,-539190.6602507187,14
34,135,4,(turtle 186),11,0.0,5.616049184513917,12
8,135,10,(turtle 186),19,0.023391812865497,-2590480.9995194823,8
768,135,5,(turtle 186),6,0.0,-67151.78569694656,16
798,135,11,(turtle 186),15,0.0095238095238095,-120564.91068462898,12
643,135,7,(turtle 186),11,0.0363636363636363,-238688.93713607045,12
393,135,0,(turtle 186),6,0.0,-214969.84546486932,9
404,135,2,(turtle 186),5,0.0,3.521267922517027,15
227,135,5,(turtle 186),8,0.0,-100140.18209887129,10
572,135,6,(turtle 186),11,0.0363636363636363,3.1098427208313626,18
601,135,4,(turtle 186),6,0.0,-355961.46089312504,16
664,135,4,(turtle 186),9,0.0,-551369.940065587,12
974,135,10,(turtle 186),16,0.0166666666666666,-275592.8048664894,13
860,135,7,(turtle 186),14,0.0109890109890109,-156952.807662685,12
508,135,5,(turtle 186),23,0.0118577075098814,-276152.05809018307,5
537,135,14,(turtle 186),24,0.0217391304347826,-6363954.174708269,7
413,135,8,(turtle 186),10,0.0444444444444444,-709113.7621726549,10
3,135,8,(turtle 186),12,0.0151515151515151,-102976.63206857616,13
684,135,10,(turtle 186),17,0.0,-307229.13168578787,8
713,135,9,(turtle 186),10,0.0,-345699.59919786145,10
953,135,7,(turtle 186),18,0.0326797385620915,-1189665.5824726222,10
9,135,7,(turtle 186),15,0.0095238095238095,-281383.8491998721,10
319,135,2,(turtle 186),5,0.1,-65265.12543430607,11
654,135,3,(turtle 186),5,0.0,-252587.69303839523,14
147,135,8,(turtle 186),13,0.0,-395642.64057054126,7
505,135,2,(turtle 186),15,0.019047619047619,-1600890.4278417015,9
660,135,6,(turtle 186),14,0.0109890109890109,-466109.1601245284,8
785,135,11,(turtle 186),15,0.019047619047619,-1388528.5156607002,9
800,135,3,(turtle 186),7,0.0,3.829821171517091,17
772,135,11,(turtle 186),15,0.0095238095238095,-651252.2249296957,7
731,135,10,(turtle 186),18,0.0130718954248366,-626785.3257439481,12
325,135,11,(turtle 186),22,0.0129870129870129,-428495.27272916096,10
435,135,9,(turtle 186),16,0.0166666666666666,-7959.030564449713,9
663,135,10,(turtle 186),18,0.0130718954248366,-154612.9345157603,13
490,135,8,(turtle 186),14,0.0219780219780219,-271939.9113197482,11
718,135,6,(turtle 186),13,0.0128205128205128,-16187.555338518903,12
527,135,2,(turtle 186),12,0.0151515151515151,-7515.45892936369,8
359,135,1,(turtle 186),32,0.0100806451612903,-8513202.057813656,4
662,135,5,(turtle 186),9,0.0277777777777777,-177509.90270288207,14
86,135,13,(turtle 186),19,0.0116959064327485,-24184752.024334174,5
591,135,0,(turtle 186),33,0.0208333333333333,-174054349.88842437,5
187,135,6,(turtle 186),10,0.0,-409035.98508259305,9
509,135,7,(turtle 186),14,0.0109890109890109,-15890.72654789279,12
807,135,5,(turtle 186),9,0.0,-18796.95896380881,9
126,135,8,(turtle 186),15,0.019047619047619,-106252.72911367827,10
743,135,6,(turtle 186),11,0.0,-34167.54415681627,11
472,135,5,(turtle 186),8,0.0357142857142857,-74315.40469233623,11
425,135,11,(turtle 186),17,0.0147058823529411,-647263.4168970737,14
116,135,7,(turtle 186),11,0.0727272727272727,-24116.880502061933,13
582,135,3,(turtle 186),7,0.0,-2289.4328790239947,12
15,135,6,(turtle 186),8,0.0,-161543.85462890443,10
892,135,4,(turtle 186),9,0.0277777777777777,-246.18945220759568,10
961,135,12,(turtle 186),21,0.0142857142857142,-1988265.830425252,7
829,135,5,(turtle 186),8,0.0,3.005829726562684,14
764,135,8,(turtle 186),11,0.0,-297582.7172976783,10
843,135,4,(turtle 186),10,0.0,-3584.4331262845726,13
970,135,9,(turtle 186),11,0.0181818181818181,-979389.8267804494,11
837,135,11,(turtle 186),26,0.0215384615384615,-4978614.423954831,7
291,135,7,(turtle 186),13,0.0128205128205128,7.426258834140265,13
690,135,9,(turtle 186),13,0.0,-14799.155774511615,14
107,135,10,(turtle 186),19,0.0058479532163742,-2153325.839917252,7
248,135,5,(turtle 186),15,0.0095238095238095,-363723.7035912181,9
101,135,7,(turtle 186),12,0.0151515151515151,-58007.85921870657,10
140,135,0,(turtle 186),25,0.03,-26378618.783325102,6
634,135,9,(turtle 186),15,0.019047619047619,-795125.8784156693,17
141,135,11,(turtle 186),15,0.0476190476190476,-956416.1494208768,10
840,135,6,(turtle 186),14,0.0109890109890109,-1441932.058052021,8
640,135,5,(turtle 186),9,0.0,-541.2456974370141,18
846,135,3,(turtle 186),5,0.0,-84.74474198475933,11
245,135,4,(turtle 186),12,0.0,-269677.7586887324,12
229,135,9,(turtle 186),15,0.0285714285714285,-1009108.7310365866,8
503,135,6,(turtle 186),10,0.0222222222222222,-180728.61810174867,9
692,135,11,(turtle 186),19,0.0116959064327485,-1738292.5043146622,7
344,135,3,(turtle 186),9,0.0277777777777777,-98128.18534790524,10
586,135,6,(turtle 186),9,0.0277777777777777,-296711.29174675123,9
134,135,9,(turtle 186),19,0.0058479532163742,-968773.5910199892,7
637,135,11,(turtle 186),12,0.0303030303030303,-290238.901859085,9
902,135,8,(turtle 186),18,0.0130718954248366,3.17023447427474,11
286,135,3,(turtle 186),17,0.0147058823529411,49.67156833274064,15
4,135,6,(turtle 186),12,0.0151515151515151,-401217.3341497856,9
734,135,5,(turtle 186),14,0.0109890109890109,8.539719265379194,17
844,135,9,(turtle 186),12,0.0151515151515151,-439692.6874554486,9
7,135,12,(turtle 186),18,0.0130718954248366,-5101933.275423749,9
632,135,4,(turtle 186),10,0.0444444444444444,-142798.19887889497,9
693,135,10,(turtle 186),16,0.0333333333333333,-870337.1610368411,10
88,135,11,(turtle 186),17,0.0073529411764705,-645221.6048737159,10
128,135,10,(turtle 186),19,0.023391812865497,-335760.44019838923,10
53,135,5,(turtle 186),15,0.0,6.670950067967388,10
498,135,3,(turtle 186),4,0.0,-125.20309148162924,9
916,135,9,(turtle 186),23,0.0079051383399209,-164054.78439782804,6
322,135,7,(turtle 186),14,0.0219780219780219,-28127.663168668943,11
516,135,0,(turtle 186),10,0.0,-2320118.4168467564,9
921,135,4,(turtle 186),15,0.019047619047619,-733751.2736421685,12
957,135,7,(turtle 186),16,0.025,-893.1065858264726,18
288,135,7,(turtle 186),27,0.0199430199430199,-2250945.179514776,3
751,135,12,(turtle 186),16,0.0083333333333333,-1636813.6382804464,12
686,135,6,(turtle 186),14,0.0329670329670329,-340470.8274334067,11
41,135,10,(turtle 186),14,0.0,-248142.8275234147,9
881,135,11,(turtle 186),21,0.0238095238095238,-399820.82110513526,13
109,135,9,(turtle 186),10,0.0222222222222222,-716587.353539468,14
989,135,12,(turtle 186),21,0.019047619047619,-2661215.7450576304,11
184,135,6,(turtle 186),13,0.0,-955223.4856003504,9
366,135,0,(turtle 186),19,0.0058479532163742,-3984543.114697781,5
633,135,15,(turtle 186),26,0.0184615384615384,-33457716.056016497,6
703,135,7,(turtle 186),14,0.0329670329670329,-565392.1976251435,9
580,135,7,(turtle 186),20,0.0157894736842105,-610568.9922080049,7
431,135,4,(turtle 186),12,0.0,-7265.501617059811,9
233,135,5,(turtle 186),11,0.0545454545454545,74.04901352446542,16
156,135,9,(turtle 186),17,0.0147058823529411,-1860223.7672534788,10
150,135,7,(turtle 186),16,0.0166666666666666,-379760.34955195576,8
241,135,3,(turtle 186),12,0.0,-1158253.0956687003,11
935,135,7,(turtle 186),12,0.0151515151515151,-3575.6749141132964,9
999,135,7,(turtle 186),13,0.0256410256410256,-372043.7438299453,10
949,135,7,(turtle 186),15,0.0095238095238095,-461564.8758259304,8
560,135,3,(turtle 186),8,0.0357142857142857,-7023.466201764868,17
605,135,6,(turtle 186),12,0.0151515151515151,-810971.9140141252,9
12,135,9,(turtle 186),14,0.0219780219780219,-421637.3563493135,9
672,135,14,(turtle 186),33,0.0018939393939393,-8147469.114424723,0
628,135,1,(turtle 186),11,0.0,-153739.56080803426,8
861,135,3,(turtle 186),13,0.0,-242444.4289005056,8
729,135,7,(turtle 186),11,0.0,-49670.6222471143,10
342,135,9,(turtle 186),14,0.0219780219780219,-929199.9539944656,10
363,135,5,(turtle 186),20,0.0157894736842105,-518858.60632405325,6
253,135,13,(turtle 186),31,0.0193548387096774,-9676593.793802677,5
450,135,13,(turtle 186),19,0.0175438596491228,-1098920.7170842262,13
87,135,6,(turtle 186),14,0.0219780219780219,-981162.5940121008,12
448,135,7,(turtle 186),14,0.0219780219780219,-220065.70779186097,12
665,135,10,(turtle 186),13,0.0,-540447.3810809288,10
710,135,9,(turtle 186),17,0.0220588235294117,-171824.14873729312,7
735,135,2,(turtle 186),7,0.0,8.336321180773064,15
804,135,13,(turtle 186),19,0.0116959064327485,-4065658.286026101,10
659,135,5,(turtle 186),13,0.0256410256410256,2.8900619854863647,16
907,135,6,(turtle 186),9,0.0,-6914.395843510706,13
642,135,13,(turtle 186),22,0.0216450216450216,-3425404.4553071163,12
600,135,4,(turtle 186),7,0.0,-237738.1391301285,10
976,135,4,(turtle 186),15,0.0,-1147281.814499785,10
810,135,3,(turtle 186),12,0.0,-711023.2025162699,9
167,135,6,(turtle 186),13,0.0,-153433.35787217942,10
652,135,9,(turtle 186),14,0.0109890109890109,-271849.6558173125,9
410,135,11,(turtle 186),15,0.0095238095238095,-256507.5314418943,9
496,135,5,(turtle 186),25,0.02,-514730.3929508008,5
20,135,6,(turtle 186),8,0.0714285714285714,-233520.59657913187,9
585,135,4,(turtle 186),7,0.0,3.990925225319015,12
587,135,9,(turtle 186),15,0.019047619047619,-102238.80975187528,17
606,135,1,(turtle 186),33,0.0189393939393939,-13772122.951438371,4
220,135,6,(turtle 186),15,0.019047619047619,-12577.38100656986,10
307,135,0,(turtle 186),20,0.0105263157894736,-13351376.183848564,8
289,135,7,(turtle 186),12,0.0,-150182.6061184688,10
515,135,8,(turtle 186),12,0.0,-61966.46114292936,13
761,135,10,(turtle 186),12,0.0151515151515151,-1096114.7502323329,7
962,135,6,(turtle 186),15,0.0095238095238095,-182583.71674729307,12
335,135,7,(turtle 186),11,0.0,-12489.358563072612,16
401,135,10,(turtle 186),12,0.0,-679992.9636933731,12
944,135,8,(turtle 186),16,0.0083333333333333,-155791.86912567358,10
420,135,3,(turtle 186),15,0.0095238095238095,-24.193891199168867,10
256,135,6,(turtle 186),9,0.0277777777777777,-210697.6716657433,13
341,135,6,(turtle 186),16,0.0166666666666666,-1779549.2684357895,4
264,135,7,(turtle 186),11,0.0,-98224.63188439544,8
850,135,5,(turtle 186),12,0.0303030303030303,-16377.015897072251,14
166,135,3,(turtle 186),15,0.0095238095238095,-940692.4595618905,6
848,135,9,(turtle 186),11,0.0,-269919.900054281,12
313,135,5,(turtle 186),14,0.0659340659340659,-2354543.0652083503,9
11,135,8,(turtle 186),10,0.0,-51985.61624283309,11
730,135,8,(turtle 186),16,0.0166666666666666,-707385.6425489596,12
576,135,11,(turtle 186),14,0.0,-1029433.148156508,11
706,135,5,(turtle 186),10,0.0222222222222222,-195170.3134662187,10
688,135,9,(turtle 186),12,0.0,-190841.78680859203,12
819,135,3,(turtle 186),6,0.0,-15279.900985267086,14
423,135,10,(turtle 186),16,0.0,-215833.56849629825,12
717,135,9,(turtle 186),16,0.0333333333333333,-706270.970014404,10
571,135,11,(turtle 186),14,0.0329670329670329,-642891.6619915022,10
973,135,10,(turtle 186),16,0.0,-192708.68939798253,9
172,135,9,(turtle 186),17,0.0073529411764705,-299602.3897487895,13
929,135,12,(turtle 186),15,0.0476190476190476,-749296.3859885815,12
305,135,9,(turtle 186),14,0.0109890109890109,-523025.3487106445,9
721,135,11,(turtle 186),22,0.0173160173160173,-1279929.532793756,8
232,135,7,(turtle 186),12,0.0303030303030303,-1198.5176506873922,17
681,135,7,(turtle 186),9,0.0,-70359.33714737839,12
594,135,12,(turtle 186),19,0.0175438596491228,-1612472.2072490936,8
908,135,7,(turtle 186),12,0.0,-333638.4908830311,8
29,135,7,(turtle 186),13,0.0384615384615384,-34841.317672442885,14
97,135,12,(turtle 186),18,0.0130718954248366,-21656059.200198185,10
998,135,4,(turtle 186),8,0.0357142857142857,-92080.37776888337,10
459,135,10,(turtle 186),14,0.0109890109890109,-406030.0045393729,12
750,135,2,(turtle 186),6,0.0,5.033940449546978,15
523,135,9,(turtle 186),15,0.019047619047619,-43776.18988472556,11
842,135,9,(turtle 186),18,0.0130718954248366,-37350.7765353986,11
879,135,5,(turtle 186),10,0.0666666666666666,-461354.94265556056,7
14,135,4,(turtle 186),11,0.0363636363636363,7.4432273552286174,14
520,135,9,(turtle 186),17,0.0073529411764705,-554087.8111593577,8
565,135,3,(turtle 186),7,0.0,11.510903482974337,14
388,135,5,(turtle 186),11,0.0181818181818181,-11629.149818103268,13
460,135,6,(turtle 186),14,0.0,-201509.0207635316,7
212,135,8,(turtle 186),11,0.0363636363636363,-84955.27054137284,14
491,135,7,(turtle 186),10,0.0,-11125.959787932698,13
357,135,7,(turtle 186),10,0.0222222222222222,-1505589.2741815448,10
190,135,7,(turtle 186),11,0.0181818181818181,-122384.45038936066,9
573,135,8,(turtle 186),15,0.019047619047619,-155070.2871870668,14
231,135,7,(turtle 186),12,0.0,-9339.96927880738,15
67,135,11,(turtle 186),22,0.0303030303030303,-327945.0732486008,20
741,135,5,(turtle 186),9,0.0,70.87581411452072,14
257,135,1,(turtle 186),19,0.0116959064327485,-1450496.2581228898,8
19,135,13,(turtle 186),21,0.0,-11940354.063814878,10
421,135,8,(turtle 186),15,0.019047619047619,-304915.75079305423,10
457,135,15,(turtle 186),24,0.0108695652173913,-23601844.4178215,7
69,135,10,(turtle 186),13,0.0256410256410256,-352657.24041428603,8
283,135,11,(turtle 186),19,0.023391812865497,-1148797.981879464,7
742,135,11,(turtle 186),22,0.0086580086580086,-4803408.904050832,11
701,135,4,(turtle 186),15,0.019047619047619,2.708210186760755,15
570,135,7,(turtle 186),15,0.0095238095238095,-1252731.183026599,11
796,135,6,(turtle 186),9,0.0,-144074.23012271308,10
538,135,9,(turtle 186),17,0.0,-607999.5905887347,13
728,135,9,(turtle 186),12,0.0,-218196.32345233683,10
971,135,5,(turtle 186),11,0.0,-16188.177437070985,14
395,135,6,(turtle 186),12,0.0,-25257.15407446304,13
46,135,8,(turtle 186),11,0.0363636363636363,-82597.4616115055,14
138,135,8,(turtle 186),16,0.025,-499856.3295081936,10
619,135,2,(turtle 186),9,0.0,-18635.329955807752,8
841,135,7,(turtle 186),12,0.0,-92069.7554235382,13
197,135,5,(turtle 186),9,0.0,-371130.8764626647,9
536,135,5,(turtle 186),7,0.1428571428571428,-48671.40059486474,13
142,135,12,(turtle 186),23,0.0197628458498023,-1017162.646866987,5
81,135,7,(turtle 186),10,0.0222222222222222,-116332.60171865442,10
884,135,5,(turtle 186),12,0.0,-304346.94022405817,9
917,135,11,(turtle 186),18,0.0196078431372549,-533776.4574134393,10
113,135,6,(turtle 186),14,0.0,-6.576949100398275,16
782,135,7,(turtle 186),14,0.0329670329670329,-818780.9403128973,12
556,135,4,(turtle 186),9,0.0277777777777777,29.9667105893674,19
985,135,7,(turtle 186),9,0.0277777777777777,-57939.899758776,11
687,135,6,(turtle 186),11,0.0,-434817.3102021384,11
42,135,8,(turtle 186),13,0.0,-96335.81433125888,14
271,135,10,(turtle 186),20,0.0263157894736842,-1281704.8266964203,10
880,135,0,(turtle 186),30,0.0091954022988505,-56973733.98283579,5
476,135,8,(turtle 186),15,0.0285714285714285,-313749.4995487998,17
278,135,13,(turtle 186),27,0.0199430199430199,-3191915.7705657105,5
348,135,8,(turtle 186),16,0.0,-192531.5377393626,11
702,135,9,(turtle 186),13,0.0128205128205128,-524429.7114827791,10
801,135,5,(turtle 186),12,0.0,-935597.2441763596,13
769,135,6,(turtle 186),8,0.0,-1930795.1495359463,13
133,135,12,(turtle 186),23,0.0118577075098814,-3986464.15215446,10
747,135,5,(turtle 186),11,0.0181818181818181,-233435.89648800984,10
790,135,10,(turtle 186),14,0.0109890109890109,-510344.83941603446,10
195,135,8,(turtle 186),18,0.0065359477124183,-473386.8316920302,10
471,135,5,(turtle 186),13,0.0256410256410256,7.022460744423345,19
28,135,7,(turtle 186),8,0.0714285714285714,-439521.8768626072,10
981,135,7,(turtle 186),14,0.0219780219780219,-78924.45929542588,9
581,135,8,(turtle 186),16,0.0,-302836.8768608349,7
492,135,7,(turtle 186),11,0.0363636363636363,-14668.422459072472,17
481,135,13,(turtle 186),18,0.0392156862745098,-6957912.24555546,8
940,135,6,(turtle 186),16,0.0166666666666666,-980747.0909518492,6
966,135,10,(turtle 186),23,0.0316205533596837,-733574.34075562,9
57,135,3,(turtle 186),20,0.0105263157894736,-1893267.687850015,7
705,135,8,(turtle 186),9,0.0,-341341.8665211953,9
982,135,12,(turtle 186),25,0.0166666666666666,-5715316.756270462,2
531,135,9,(turtle 186),14,0.0109890109890109,-733343.8574578529,13
13,135,6,(turtle 186),14,0.0,-3835.4004045954966,10
273,135,10,(turtle 186),14,0.0,-297800.8501146116,17
470,135,9,(turtle 186),13,0.0256410256410256,-281619.32967988524,11
991,135,11,(turtle 186),17,0.0147058823529411,-16529418.389254084,8
918,135,4,(turtle 186),23,0.0118577075098814,-58535.71369284147,7
725,135,8,(turtle 186),12,0.0151515151515151,-689896.7292521033,9
380,135,5,(turtle 186),13,0.0128205128205128,-61.59511679185338,15
213,135,10,(turtle 186),17,0.0073529411764705,-684985.8002378865,8
544,135,7,(turtle 186),21,0.0095238095238095,-122518.26148438548,10
387,135,8,(turtle 186),14,0.0,-926.3561791932674,17
778,135,11,(turtle 186),33,0.0113636363636363,-3776138.400972513,6
507,135,14,(turtle 186),17,0.0147058823529411,-9013164.565179156,6
945,135,9,(turtle 186),15,0.019047619047619,-358733.5855431126,11
51,135,9,(turtle 186),17,0.0367647058823529,-377892.4606799996,8
38,135,13,(turtle 186),18,0.0065359477124183,-5396626.083587496,11
399,135,7,(turtle 186),19,0.0116959064327485,-31049.221305853232,8
504,135,6,(turtle 186),8,0.0357142857142857,-35152.312829315706,11
1,135,7,(turtle 186),17,0.0,-8025.454909747271,11
645,135,3,(turtle 186),8,0.0,-345921.6837442313,10
372,135,8,(turtle 186),12,0.0,-230771.7807286913,5
228,135,11,(turtle 186),15,0.0095238095238095,-1724482.0898736955,11
996,135,4,(turtle 186),23,0.0079051383399209,-3190952.4040092407,9
599,135,11,(turtle 186),22,0.0086580086580086,-404176.0699662726,7
928,135,8,(turtle 186),10,0.0222222222222222,-201589.4791458587,8
275,135,8,(turtle 186),14,0.0109890109890109,-220991.99106728975,9
258,135,13,(turtle 186),16,0.0083333333333333,-5772276.808297484,10
720,135,5,(turtle 186),8,0.0,-4600.35238792831,11
188,135,6,(turtle 186),8,0.0,-15009.153013661386,12
762,135,10,(turtle 186),17,0.0147058823529411,-927996.5860983172,5
722,135,4,(turtle 186),9,0.0,-42489.44603561855,11
268,135,12,(turtle 186),18,0.0130718954248366,-5956923.883466657,11
337,135,12,(turtle 186),17,0.0073529411764705,-2009943.7979146652,7
749,135,5,(turtle 186),6,0.0666666666666666,-34615.4132087417,11
964,135,6,(turtle 186),16,0.0083333333333333,-1055632.9666719064,16
244,135,5,(turtle 186),10,0.0222222222222222,-139510.70946390275,14
287,135,3,(turtle 186),8,0.0357142857142857,139.41989784266505,16
71,135,5,(turtle 186),14,0.0109890109890109,-816339.5719763497,8
123,135,9,(turtle 186),15,0.0476190476190476,-320878.8642402139,17
219,135,9,(turtle 186),11,0.0,-461624.3105828749,6
317,135,4,(turtle 186),14,0.0,5.493163442952422,9
484,135,8,(turtle 186),17,0.0220588235294117,-2167997.9265201404,11
765,135,4,(turtle 186),11,0.0,-128.49133535472615,11
784,135,6,(turtle 186),14,0.0109890109890109,-19603.154839756306,13
653,135,9,(turtle 186),14,0.0109890109890109,-339430.8851297007,11
104,135,12,(turtle 186),24,0.0108695652173913,-2844509.828497067,5
332,135,11,(turtle 186),19,0.0058479532163742,-1449843.9990979698,8
164,135,9,(turtle 186),13,0.0,-1057314.9602715534,8
806,135,8,(turtle 186),18,0.0130718954248366,-31635.34149515666,13
153,135,11,(turtle 186),18,0.0130718954248366,-497350.3147969029,7
350,135,6,(turtle 186),15,0.0,-337236.5291945189,8
649,135,10,(turtle 186),19,0.0350877192982456,-183929.8998665008,7
562,135,5,(turtle 186),8,0.0,3.5781172308261664,16
398,135,5,(turtle 186),19,0.0292397660818713,-106807.83399705688,7
952,135,6,(turtle 186),15,0.0095238095238095,-397013.4105165071,9
849,135,10,(turtle 186),11,0.0,-387025.8120340246,13
455,135,4,(turtle 186),8,0.0,5.72838320315352,17
745,135,11,(turtle 186),13,0.0,-1404268.5796593216,5
978,135,8,(turtle 186),12,0.0151515151515151,-285291.16202733194,9
293,135,0,(turtle 186),20,0.0105263157894736,-17245016.396294937,8
494,135,9,(turtle 186),13,0.0384615384615384,-66266.47891148532,10
91,135,10,(turtle 186),18,0.0130718954248366,-865882.3956285829,9
529,135,7,(turtle 186),11,0.0181818181818181,-672251.9469613917,10
933,135,6,(turtle 186),14,0.0329670329670329,-54783.034816610205,16
161,135,7,(turtle 186),10,0.0,-409940.9128137596,11
175,135,6,(turtle 186),14,0.0109890109890109,-96904.70701191956,12
977,135,5,(turtle 186),16,0.025,-1605193.598257471,10
279,135,16,(turtle 186),31,0.0129032258064516,-42979698.46061748,6
715,135,7,(turtle 186),18,0.0326797385620915,-101676.01196452572,9
424,135,7,(turtle 186),21,0.0142857142857142,-267070.0156919518,7
611,135,9,(turtle 186),19,0.023391812865497,-189965.05440626547,9
862,135,8,(turtle 186),17,0.0073529411764705,-204282.26019585133,7
177,135,1,(turtle 186),18,0.0,-3071582.681274177,8
823,135,11,(turtle 186),16,0.0083333333333333,-653908.415744357,13
478,135,7,(turtle 186),9,0.0277777777777777,-149776.73878891885,11
791,135,3,(turtle 186),6,0.0,-21.646578019168945,12
40,135,6,(turtle 186),23,0.0197628458498023,-586630.352937253,6
658,135,7,(turtle 186),14,0.0109890109890109,-994249.023323184,10
608,135,9,(turtle 186),17,0.0441176470588235,-357653.0917859273,11
77,135,10,(turtle 186),17,0.0220588235294117,-532146.0211730518,10
821,135,7,(turtle 186),13,0.0128205128205128,-33538.87205051757,14
235,135,9,(turtle 186),15,0.0,-630522.5816036209,10
129,135,10,(turtle 186),11,0.0,-692042.2966428036,10
66,135,7,(turtle 186),8,0.0,-362908.4515704975,9
119,135,8,(turtle 186),22,0.0,-511655.350843682,7
374,135,6,(turtle 186),9,0.0,-26415.55921361832,13
802,135,10,(turtle 186),18,0.0196078431372549,-354114.8646079758,14
324,135,1,(turtle 186),13,0.0128205128205128,-286771.8334050342,9
716,135,9,(turtle 186),13,0.0128205128205128,-296228.3929954664,12
292,135,7,(turtle 186),10,0.0,-75572.04167349992,11
709,135,9,(turtle 186),23,0.0197628458498023,-324084.10910216795,6
339,135,8,(turtle 186),12,0.0,-27703.147016599178,14
82,135,11,(turtle 186),14,0.0219780219780219,-1062624.0442455602,10
206,135,5,(turtle 186),13,0.0256410256410256,8.410480044121055,18
419,135,5,(turtle 186),7,0.0,-122048.82766655704,12
889,135,10,(turtle 186),17,0.0220588235294117,-626788.7828543162,7
230,135,3,(turtle 186),7,0.0476190476190476,-1020356.7600501484,11
719,135,2,(turtle 186),6,0.0,-330476.5636372438,15
979,135,9,(turtle 186),17,0.0147058823529411,-839468.9531511692,10
2,135,1,(turtle 186),23,0.0158102766798418,-3236499.2998020267,8
130,135,9,(turtle 186),17,0.0,-290507.8790816297,8
980,135,10,(turtle 186),19,0.0175438596491228,-551230.0707775003,12
202,135,6,(turtle 186),9,0.0277777777777777,-92273.15684007072,13
370,135,8,(turtle 186),11,0.0181818181818181,-200580.37925544183,12
497,135,4,(turtle 186),14,0.0109890109890109,-562159.7637932156,9
416,135,6,(turtle 186),10,0.0,-538872.2454937233,8
771,135,7,(turtle 186),21,0.0142857142857142,-131034.16711683144,11
926,135,11,(turtle 186),18,0.0196078431372549,-19460699.552288987,7
270,135,11,(turtle 186),21,0.0,-215270.53975535737,10
55,135,8,(turtle 186),18,0.0065359477124183,-290429.10906106466,8
613,135,6,(turtle 186),13,0.0641025641025641,-2170.6973372349967,15
708,135,6,(turtle 186),8,0.0,-421730.61319945793,10
847,135,8,(turtle 186),11,0.0363636363636363,-202731.27090633905,18
530,135,10,(turtle 186),20,0.0157894736842105,-1039475.8624771226,8
931,135,4,(turtle 186),6,0.0,8.550206735654761,18
222,135,9,(turtle 186),16,0.0083333333333333,-211157.18955858957,15
960,135,9,(turtle 186),11,0.0,-323972.58012984146,8
284,135,9,(turtle 186),14,0.0329670329670329,-88136.34491600285,9
647,135,2,(turtle 186),17,0.0073529411764705,-521162.88561213546,9
183,135,6,(turtle 186),8,0.0,-87662.79227554897,12
834,135,4,(turtle 186),8,0.0,-297218.27893260244,7
185,135,8,(turtle 186),19,0.0058479532163742,-97037.6135817666,7
760,135,9,(turtle 186),13,0.0,-252104.6342595284,7
99,135,8,(turtle 186),15,0.019047619047619,-32869.73131065559,15
149,135,11,(turtle 186),17,0.0073529411764705,-530007.1921188844,8
920,135,11,(turtle 186),14,0.0329670329670329,-295995.3993145389,11
738,135,12,(turtle 186),24,0.0,-2232768.1828034343,7
136,135,5,(turtle 186),11,0.0,-62198.06534505594,10
281,135,6,(turtle 186),9,0.0,-141301.33363156594,18
615,135,4,(turtle 186),20,0.0052631578947368,3.532333831323049,14
873,135,10,(turtle 186),14,0.0329670329670329,-297389.2524360316,11
400,135,13,(turtle 186),18,0.0130718954248366,-2274914.074934829,7
627,135,8,(turtle 186),10,0.0,-11269.029048869255,19
739,135,6,(turtle 186),19,0.023391812865497,-1075.9772616068717,12
754,135,6,(turtle 186),17,0.0147058823529411,-151185.4693146069,11
403,135,8,(turtle 186),16,0.0166666666666666,-163128.29436268183,8
386,135,10,(turtle 186),13,0.0256410256410256,-131252.01898659518,14
75,135,5,(turtle 186),20,0.0052631578947368,-3536.359706172393,10
98,135,1,(turtle 186),22,0.0129870129870129,-1685838.7886032627,7
242,135,9,(turtle 186),15,0.0380952380952381,-732029.2635837053,9
111,135,5,(turtle 186),15,0.0,-174089.91297033418,15
813,135,2,(turtle 186),10,0.0222222222222222,-1691597.2234931053,9
371,135,6,(turtle 186),19,0.0116959064327485,-1702.3104005962723,14
691,135,3,(turtle 186),20,0.0105263157894736,-3960538.038318168,10
311,135,7,(turtle 186),13,0.0256410256410256,-38669.17009678528,12
64,135,5,(turtle 186),14,0.0109890109890109,-109919.86597555602,8
855,135,11,(turtle 186),12,0.0,-405929.72164914,11
550,135,9,(turtle 186),12,0.0151515151515151,-98233.25607941124,10
639,135,6,(turtle 186),10,0.0222222222222222,-289480.78202461934,9
610,135,8,(turtle 186),12,0.0303030303030303,-20605.666565394367,12
541,135,10,(turtle 186),14,0.0,-1289509.456847487,12
263,135,4,(turtle 186),10,0.0222222222222222,-278278.8305338481,11
555,135,7,(turtle 186),12,0.0151515151515151,-406601.1173364744,7
939,135,14,(turtle 186),23,0.0079051383399209,-8939200.757919837,4
432,135,9,(turtle 186),14,0.0329670329670329,-226163.7918324161,12
26,135,9,(turtle 186),23,0.0118577075098814,-156106.65324539226,7
845,135,8,(turtle 186),12,0.0,-94558.70156123408,15
590,135,8,(turtle 186),15,0.019047619047619,-233736.17876486055,11
24,135,2,(turtle 186),11,0.0,-860877.5924374638,12
198,135,8,(turtle 186),20,0.0052631578947368,-210708.49676052117,5
428,135,5,(turtle 186),10,0.0,-429.4347635207501,16
559,135,3,(turtle 186),7,0.0476190476190476,8.15036322541711,14
955,135,5,(turtle 186),8,0.0357142857142857,-441500.3782606999,11
549,135,11,(turtle 186),16,0.0083333333333333,-1576562.098728451,14
274,135,7,(turtle 186),12,0.0303030303030303,-305839.3647152786,11
766,135,7,(turtle 186),11,0.0,-818052.218763594,7
990,135,10,(turtle 186),18,0.0196078431372549,-673051.8650892269,9
375,135,4,(turtle 186),10,0.0,-1377697.425837996,10
526,135,4,(turtle 186),6,0.0,6.850726463256761,13
756,135,9,(turtle 186),11,0.0,-55120.71161064606,13
384,135,3,(turtle 186),18,0.0065359477124183,-1095807.5182209923,10
316,135,3,(turtle 186),5,0.0,6.138283909605215,12
61,135,2,(turtle 186),10,0.0,6.851723436930713,14
579,135,4,(turtle 186),11,0.0181818181818181,-112862.86444803458,12
22,135,4,(turtle 186),10,0.0,-241988.4843043601,13
0,135,14,(turtle 186),24,0.0253623188405797,-35125880.72340055,8
92,135,9,(turtle 186),12,0.0151515151515151,-113909.37292392172,15
179,135,9,(turtle 186),12,0.0151515151515151,-216098.93951630755,13
781,135,14,(turtle 186),26,0.0092307692307692,-12291307.201639635,10
418,135,8,(turtle 186),11,0.0,-113325.763460959,14
644,135,11,(turtle 186),17,0.0147058823529411,-709015.7249470799,6
439,135,12,(turtle 186),19,0.0116959064327485,-1580353.6471449276,13
143,135,4,(turtle 186),27,0.0085470085470085,-7.212710502810937,8
365,135,7,(turtle 186),15,0.019047619047619,-51818.12052635316,13
793,135,6,(turtle 186),14,0.0329670329670329,-205197.9423905005,11
995,135,10,(turtle 186),20,0.0210526315789473,-1234926.379650912,12
595,135,7,(turtle 186),13,0.0256410256410256,-238306.47653711188,13
362,135,9,(turtle 186),15,0.0095238095238095,-1354294.8873560068,10
814,135,9,(turtle 186),15,0.0285714285714285,-414451.59832255647,11
246,135,2,(turtle 186),9,0.0,6.305259963232787,17
194,135,13,(turtle 186),16,0.025,-3710504.212033081,10
853,135,11,(turtle 186),15,0.0095238095238095,-317535.5110562084,11
707,135,8,(turtle 186),18,0.0065359477124183,-395341.4645414503,9
96,135,6,(turtle 186),17,0.0,-118502.13512192888,12
607,135,3,(turtle 186),4,0.0,-231.951538024005,10
361,135,12,(turtle 186),20,0.0210526315789473,-3620123.953271969,9
744,135,6,(turtle 186),13,0.0128205128205128,-152873.3204791371,20
624,135,4,(turtle 186),11,0.0,-245004.79708125285,15
453,135,12,(turtle 186),21,0.019047619047619,-2107407.845913978,8
774,135,6,(turtle 186),9,0.0,-92716.39367656024,10
789,135,9,(turtle 186),14,0.0109890109890109,-57703.23459802159,17
10,135,10,(turtle 186),19,0.0175438596491228,-439443.2655181119,6
80,135,5,(turtle 186),8,0.0,-810648.3131551057,10
566,135,3,(turtle 186),15,0.0,3.897989565411976,18
748,135,7,(turtle 186),19,0.0116959064327485,-1013369.4251881136,9
870,135,7,(turtle 186),12,0.0151515151515151,-135572.46366211688,10
203,135,6,(turtle 186),10,0.0,-84354.96160737527,12
462,135,9,(turtle 186),17,0.0147058823529411,-1531875.9980573447,12
199,135,4,(turtle 186),7,0.0,-57671.047841010666,12
144,135,11,(turtle 186),19,0.0058479532163742,-445793.4300661391,13
911,135,8,(turtle 186),17,0.0073529411764705,-311329.1233931286,10
464,135,4,(turtle 186),13,0.0256410256410256,-1627.358206223308,13
895,135,11,(turtle 186),14,0.0329670329670329,-517676.4382682262,11
997,135,6,(turtle 186),10,0.0,-17846.00381278069,15
238,135,8,(turtle 186),18,0.0065359477124183,-131892.61087916282,7
482,135,5,(turtle 186),17,0.0073529411764705,3.697756208401438,18
349,135,6,(turtle 186),14,0.0109890109890109,-523533.1907547727,13
62,135,5,(turtle 186),11,0.0,-82672.70468771014,7
683,135,7,(turtle 186),12,0.0,-1208901.4688458524,7
805,135,1,(turtle 186),5,0.0,4.54971942927314,14
954,135,8,(turtle 186),14,0.0,-2333.219315852205,10
447,135,9,(turtle 186),14,0.0109890109890109,-574468.02407627,12
385,135,7,(turtle 186),11,0.0181818181818181,13.391786448911324,18
897,135,6,(turtle 186),14,0.0109890109890109,-108630.88641390702,13
828,135,9,(turtle 186),10,0.0,-342724.2717230767,9
105,135,5,(turtle 186),11,0.0181818181818181,-256.19456557965515,11
592,135,13,(turtle 186),23,0.0158102766798418,-3034465.5474242275,7
181,135,10,(turtle 186),11,0.0363636363636363,-609931.3996324816,9
959,135,5,(turtle 186),10,0.0,29.57059241455924,16
698,135,8,(turtle 186),16,0.025,-122907.84344247116,13
533,135,6,(turtle 186),16,0.0,-894499.0980448681,9
204,135,4,(turtle 186),6,0.0,3.2347950173980347,13
236,135,3,(turtle 186),24,0.0289855072463768,-122307.83629736466,5
456,135,7,(turtle 186),17,0.0,-317740.6826844656,8
956,135,4,(turtle 186),20,0.0,-33154.2810870982,7
224,135,12,(turtle 186),23,0.0079051383399209,-2555245.182058725,9
616,135,4,(turtle 186),13,0.0,-239393.11079307488,7
794,135,7,(turtle 186),7,0.0,-214113.4631533487,9
446,135,10,(turtle 186),21,0.0047619047619047,-211679.498324666,21
417,135,9,(turtle 186),11,0.0181818181818181,-130999.87999711228,12
923,135,4,(turtle 186),6,0.0666666666666666,-20.06874380099059,12
44,135,6,(turtle 186),16,0.025,-280138.3066073978,10
297,135,7,(turtle 186),13,0.0256410256410256,-45000.27031854851,10
963,135,5,(turtle 186),8,0.0,3.3622580980282386,17
277,135,10,(turtle 186),20,0.0157894736842105,-3161656.9619535096,9
25,135,8,(turtle 186),17,0.0220588235294117,-24462.985884474467,7
