who,color,hierarchy,polity,degree,clustering-coeff,resources
697,105,0,(turtle 317),10,0.0888888888888888,4659023364288.393
503,105,0,(turtle 317),17,0.0294117647058823,2764314862835.019
520,105,0,(turtle 317),13,0.0384615384615384,3772784880750.9263
570,105,0,(turtle 317),15,0.0,3194652469436.583
556,105,0,(turtle 317),12,0.0909090909090909,2775441059045.0776
603,105,0,(turtle 317),15,0.0380952380952381,2595746414630.156
826,105,0,(turtle 317),14,0.0879120879120879,1590356005796.4077
70,105,85,(turtle 317),86,0.0196990424076607,1526112500.0677414
455,105,0,(turtle 317),16,0.0416666666666666,3155405436359.994
300,105,0,(turtle 317),16,0.05,3666700666285.3135
850,105,0,(turtle 317),10,0.1111111111111111,2669404200199.694
190,105,0,(turtle 317),17,0.0441176470588235,2432582847755.9087
598,105,2,(turtle 317),12,0.106060606060606,306956019.1916772
40,105,0,(turtle 317),20,0.0578947368421052,3108747374442.348
781,105,126,(turtle 317),128,0.014886811023622,56188358777.20787
960,105,0,(turtle 317),24,0.0833333333333333,3066077535942.5493
356,105,0,(turtle 317),14,0.0329670329670329,2354948658134.3887
557,105,0,(turtle 317),19,0.087719298245614,3030421780189.156
130,105,0,(turtle 317),24,0.0615942028985507,5469723847634.721
57,105,0,(turtle 317),19,0.0701754385964912,1901878949844.4453
173,105,0,(turtle 317),18,0.0392156862745098,2541052891418.0405
712,105,1,(turtle 317),11,0.0727272727272727,184422496.05487376
915,105,26,(turtle 317),31,0.0494623655913978,954156903.734552
352,105,0,(turtle 317),18,0.065359477124183,3600467087417.3574
819,105,0,(turtle 317),21,0.0904761904761904,2386781474997.0947
654,105,0,(turtle 317),13,0.0641025641025641,2479573622381.967
797,105,0,(turtle 317),13,0.0128205128205128,3265229921052.665
452,105,0,(turtle 317),15,0.0380952380952381,4370971843705.182
319,105,0,(turtle 317),12,0.0151515151515151,4107244149260.635
90,105,0,(turtle 317),18,0.065359477124183,1714905674956.0989
428,105,0,(turtle 317),13,0.0512820512820512,2664172622257.3423
735,105,68,(turtle 317),71,0.0217303822937625,1086617603.1204114
588,105,0,(turtle 317),12,0.0454545454545454,4957672833000.408
381,105,137,(turtle 317),133,0.0145819093187514,59316512039078.84
579,105,0,(turtle 317),23,0.1067193675889328,6086542834103.528
498,105,0,(turtle 317),38,0.0497866287339971,7622764686084.975
858,105,0,(turtle 317),14,0.0659340659340659,3166075629555.2617
875,105,112,(turtle 317),108,0.0105572862582208,6538346931.731001
967,105,1,(turtle 317),14,0.0659340659340659,330165414.76717126
91,105,0,(turtle 317),21,0.0380952380952381,2969615257386.4595
994,105,1,(turtle 317),16,0.0416666666666666,76175794.85901654
739,105,0,(turtle 317),12,0.0909090909090909,1433752820636.6536
634,105,0,(turtle 317),17,0.0588235294117647,2976663034551.7847
963,105,115,(turtle 317),110,0.0140116763969974,9544185202.69236
730,105,1,(turtle 317),12,0.106060606060606,30710882.456202388
92,105,0,(turtle 317),8,0.0714285714285714,1960296854654.6208
46,105,0,(turtle 317),18,0.065359477124183,3075003047683.952
134,105,0,(turtle 317),15,0.0476190476190476,2408137302541.477
673,105,17,(turtle 317),30,0.0620689655172413,472236450.5251787
19,105,0,(turtle 317),15,0.0380952380952381,4867488264171.922
491,105,0,(turtle 317),12,0.106060606060606,2336735058806.727
765,105,0,(turtle 317),13,0.0512820512820512,2972306829283.606
290,105,0,(turtle 317),15,0.0476190476190476,2269379782160.797
550,105,0,(turtle 317),10,0.1333333333333333,2441714871498.952
683,105,0,(turtle 317),16,0.05,3469337879310.5693
783,105,0,(turtle 317),6,0.0666666666666666,3963891857182.397
853,105,0,(turtle 317),14,0.0659340659340659,1397442013964.098
707,105,80,(turtle 317),79,0.0201233365790327,1625290984.9418173
933,105,6,(turtle 317),19,0.0935672514619883,249851639.5030168
700,105,0,(turtle 317),16,0.0416666666666666,2047625432623.1252
760,105,0,(turtle 317),13,0.0641025641025641,2387894217803.349
567,105,0,(turtle 317),9,0.0833333333333333,2740686617169.743
220,105,0,(turtle 317),14,0.0769230769230769,2271886860974.313
463,105,0,(turtle 317),15,0.0571428571428571,1776428716190.0696
140,105,0,(turtle 317),19,0.0467836257309941,2229089968910.2915
106,105,130,(turtle 317),122,0.0044709388971684,102770275092.8988
10,105,0,(turtle 317),15,0.0571428571428571,3973381350363.788
540,105,0,(turtle 317),16,0.0333333333333333,3030371314961.032
810,105,0,(turtle 317),15,0.0095238095238095,3798816085516.906
56,105,27,(turtle 317),36,0.0603174603174603,677060016.4821924
294,105,0,(turtle 317),14,0.0549450549450549,3219830092563.052
351,105,0,(turtle 317),19,0.0935672514619883,2297423095581.913
971,105,0,(turtle 317),12,0.0454545454545454,3574143278232.1167
370,105,18,(turtle 317),33,0.0719696969696969,331772925.9410782
715,105,97,(turtle 317),98,0.026930359772775,2290314438.999694
838,105,129,(turtle 317),131,0.0187903699354081,67721622016.6653
895,105,0,(turtle 317),16,0.0333333333333333,3242532732966.4805
951,105,0,(turtle 317),19,0.0643274853801169,2079020342073.758
414,105,0,(turtle 317),19,0.0760233918128654,3089755664153.9946
842,105,48,(turtle 317),53,0.048621190130624,1152007272.0012572
737,105,0,(turtle 317),22,0.0562770562770562,3695369584229.236
320,105,0,(turtle 317),17,0.0367647058823529,2697499353464.808
959,105,130,(turtle 317),125,0.016258064516129,104785890631.92809
613,105,0,(turtle 317),15,0.0761904761904762,3486832446878.3267
276,105,12,(turtle 317),20,0.0473684210526315,449969052.4149133
264,105,0,(turtle 317),13,0.0512820512820512,2044943274589.988
349,105,0,(turtle 317),14,0.0329670329670329,2366435195819.036
327,105,119,(turtle 317),114,0.0066759819903741,9243551610.043224
251,105,0,(turtle 317),20,0.0263157894736842,2936633229134.994
164,105,0,(turtle 317),13,0.0897435897435897,1664035419809.736
663,105,0,(turtle 317),22,0.0562770562770562,2379900147330.749
324,105,0,(turtle 317),14,0.0549450549450549,3515310193952.363
124,105,0,(turtle 317),18,0.0522875816993464,4260713251583.899
420,105,0,(turtle 317),13,0.0384615384615384,2224588333733.6074
374,105,0,(turtle 317),16,0.05,3439608634354.581
893,105,0,(turtle 317),17,0.0220588235294117,2742535427047.828
651,105,0,(turtle 317),14,0.0549450549450549,3396885106264.935
413,105,0,(turtle 317),12,0.0151515151515151,1854701354852.6455
680,105,0,(turtle 317),13,0.0512820512820512,3772787281420.098
537,105,122,(turtle 317),113,0.0158027812895069,15760524020.99513
63,105,0,(turtle 317),16,0.05,5263345322580.831
178,105,0,(turtle 317),9,0.0,2872245059232.0054
792,105,0,(turtle 317),16,0.0166666666666666,2018207758568.5427
538,105,34,(turtle 317),45,0.0585858585858585,1151407867.6441908
693,105,0,(turtle 317),14,0.0219780219780219,3485575378997.514
791,105,0,(turtle 317),17,0.1029411764705882,2250081652965.2803
530,105,19,(turtle 317),36,0.0619047619047619,735708403.2674506
44,105,134,(turtle 317),137,0.0104121940747101,583561314055.7285
217,105,0,(turtle 317),14,0.0549450549450549,2786071203450.9834
467,105,0,(turtle 317),20,0.0947368421052631,2178392971623.172
517,105,0,(turtle 317),9,0.1111111111111111,2718117000013.5664
914,105,0,(turtle 317),12,0.0757575757575757,4886369292018.669
742,105,0,(turtle 317),12,0.0757575757575757,3450432268191.0063
139,105,0,(turtle 317),15,0.0380952380952381,2475653479805.94
64,105,0,(turtle 317),13,0.0641025641025641,4804052391640.859
444,105,0,(turtle 317),12,0.0303030303030303,1420732074921.251
681,105,0,(turtle 317),13,0.0512820512820512,3003998581363.809
922,105,0,(turtle 317),14,0.0769230769230769,3138434255564.938
223,105,1,(turtle 317),16,0.075,111402964.18182091
256,105,120,(turtle 317),117,0.0157677571470674,10136377677.780325
975,105,0,(turtle 317),16,0.0416666666666666,2511552512286.82
504,105,98,(turtle 317),98,0.0128339995792131,2366682297.3856497
287,105,0,(turtle 317),10,0.0444444444444444,2121819464911.248
558,105,0,(turtle 317),16,0.0333333333333333,1625161313185.3235
496,105,0,(turtle 317),9,0.0555555555555555,2081727158918.4397
454,105,130,(turtle 317),122,0.0075870478254979,87585406945.4107
213,105,0,(turtle 317),15,0.0666666666666666,5585704902425.891
197,105,0,(turtle 317),11,0.0545454545454545,3866409800556.629
957,105,0,(turtle 317),10,0.0444444444444444,1682858434734.7014
159,105,0,(turtle 317),10,0.0888888888888888,2196686846085.728
899,105,0,(turtle 317),12,0.0454545454545454,1690101107103.0645
98,105,0,(turtle 317),14,0.0109890109890109,2251573837217.566
704,105,0,(turtle 317),15,0.0571428571428571,3405043696530.4355
560,105,0,(turtle 317),18,0.0326797385620915,2529141806455.9893
265,105,1,(turtle 317),16,0.0833333333333333,341818390.6840805
355,105,24,(turtle 317),34,0.0392156862745098,506215368.3242165
490,105,110,(turtle 317),107,0.0139305237171574,3925814225.915919
825,105,0,(turtle 317),13,0.0641025641025641,3275366479664.0503
738,105,0,(turtle 317),13,0.0897435897435897,4555435748331.297
941,105,0,(turtle 317),12,0.0606060606060606,2430134327490.43
691,105,0,(turtle 317),15,0.0476190476190476,3985898563647.702
502,105,0,(turtle 317),12,0.0303030303030303,2630303192072.026
405,105,0,(turtle 317),16,0.05,1899191836860.0383
5,105,2,(turtle 317),11,0.0909090909090909,223547014.9609474
938,105,106,(turtle 317),106,0.0212039532794249,5076826657.7898445
422,105,47,(turtle 317),52,0.0241327300150829,928494239.4383684
736,105,0,(turtle 317),12,0.0606060606060606,1781802497775.558
708,105,0,(turtle 317),12,0.0303030303030303,4494373749253.874
192,105,0,(turtle 317),8,0.0,2921441531148.516
512,105,0,(turtle 317),16,0.0416666666666666,3252241462893.717
568,105,0,(turtle 317),24,0.0615942028985507,5075602436099.652
372,105,111,(turtle 317),104,0.0233383121732636,5660251148.323665
788,105,0,(turtle 317),17,0.0441176470588235,3596748299555.028
387,105,0,(turtle 317),11,0.109090909090909,2960945744820.5767
908,105,0,(turtle 317),17,0.0588235294117647,3742513459734.6943
167,105,124,(turtle 317),116,0.0100449775112443,36706493458.372986
593,105,125,(turtle 317),118,0.0175286107489497,38561647225.8488
246,105,0,(turtle 317),14,0.0439560439560439,2946966972592.54
47,105,0,(turtle 317),9,0.0833333333333333,2856646256657.795
554,105,10,(turtle 317),25,0.0766666666666666,182835840.53874695
83,105,0,(turtle 317),8,0.0714285714285714,3373134662500.4863
39,105,12,(turtle 317),33,0.0946969696969697,349018617.215208
866,105,119,(turtle 317),112,0.0093307593307593,13601843075.10034
886,105,0,(turtle 317),11,0.109090909090909,4089905854229.511
269,105,0,(turtle 317),12,0.0757575757575757,2474584384988.011
505,105,0,(turtle 317),12,0.0757575757575757,3464185668498.087
524,105,0,(turtle 317),11,0.0181818181818181,2442580002784.728
403,105,0,(turtle 317),13,0.0384615384615384,2174079176561.66
653,105,0,(turtle 317),13,0.0769230769230769,1587716829835.8467
518,105,0,(turtle 317),21,0.0619047619047619,3278238372896.413
242,105,0,(turtle 317),19,0.0526315789473684,3357556464826.368
481,105,0,(turtle 317),11,0.0,2171526116623.064
612,105,0,(turtle 317),15,0.0571428571428571,1754390245991.7097
456,105,0,(turtle 317),14,0.0549450549450549,2668641256014.7773
42,105,0,(turtle 317),15,0.0571428571428571,2326910212972.749
436,105,0,(turtle 317),14,0.0769230769230769,3330438283404.165
958,105,0,(turtle 317),18,0.0326797385620915,3584110445761.3813
755,105,0,(turtle 317),16,0.0666666666666666,2336104577025.9253
224,105,0,(turtle 317),21,0.0476190476190476,2412263602922.4023
239,105,1,(turtle 317),14,0.0659340659340659,56857644.09462118
218,105,0,(turtle 317),17,0.0735294117647058,2550307007581.006
629,105,0,(turtle 317),19,0.0526315789473684,2079715371678.3733
423,105,0,(turtle 317),13,0.0512820512820512,2362539997938.707
107,105,0,(turtle 317),11,0.0545454545454545,4261681777442.014
393,105,0,(turtle 317),20,0.0473684210526315,1567836389924.0754
761,105,5,(turtle 317),21,0.0619047619047619,476879497.0587432
305,105,0,(turtle 317),22,0.0389610389610389,6250649671963.932
102,105,0,(turtle 317),18,0.0588235294117647,1707484675293.6477
759,105,0,(turtle 317),17,0.0735294117647058,1450683996812.7334
892,105,0,(turtle 317),16,0.0666666666666666,2907260634080.23
430,105,0,(turtle 317),15,0.019047619047619,3038810554249.68
162,105,0,(turtle 317),15,0.0761904761904762,2517470184320.0776
890,105,0,(turtle 317),13,0.0641025641025641,1481475315034.6567
62,105,0,(turtle 317),17,0.0514705882352941,4587837900225.817
774,105,0,(turtle 317),10,0.1111111111111111,3255094869488.9746
569,105,0,(turtle 317),15,0.0666666666666666,2078827552854.043
600,105,0,(turtle 317),12,0.0454545454545454,2569542312970.859
744,105,0,(turtle 317),15,0.0666666666666666,2757694571266.0703
208,105,0,(turtle 317),10,0.0444444444444444,2952645259443.278
775,105,0,(turtle 317),18,0.0522875816993464,3902683373546.712
769,105,24,(turtle 317),33,0.0416666666666666,850311974.5512359
976,105,109,(turtle 317),107,0.0172809028390054,3779491746.785533
771,105,0,(turtle 317),18,0.0457516339869281,1674938752096.9531
382,105,0,(turtle 317),21,0.0619047619047619,3545330675797.541
860,105,0,(turtle 317),18,0.1176470588235294,3782163907318.858
541,105,116,(turtle 317),113,0.0097977243994943,7850101250.283706
645,105,0,(turtle 317),18,0.065359477124183,2799041102293.804
262,105,0,(turtle 317),13,0.0256410256410256,3323244595587.482
174,105,0,(turtle 317),20,0.0473684210526315,3571508689204.716
58,105,0,(turtle 317),19,0.0584795321637426,1865705202884.8396
447,105,0,(turtle 317),18,0.0522875816993464,1425162669472.5889
69,105,123,(turtle 317),112,0.0112612612612612,20677708662.51403
531,105,0,(turtle 317),16,0.0666666666666666,3483055810941.335
500,105,0,(turtle 317),12,0.0757575757575757,2149767783320.9963
821,105,0,(turtle 317),14,0.0659340659340659,2393458868378.192
601,105,125,(turtle 317),119,0.0126762569434553,42678965293.18464
823,105,0,(turtle 317),18,0.0457516339869281,1496533160272.1414
978,105,0,(turtle 317),8,0.1071428571428571,1618562982633.657
555,105,0,(turtle 317),9,0.0833333333333333,2667254682692.893
85,105,119,(turtle 317),127,0.0247469066366704,9758627289.34244
966,105,0,(turtle 317),12,0.0606060606060606,2576448123129.989
340,105,0,(turtle 317),7,0.0952380952380952,1750148728920.0662
919,105,0,(turtle 317),10,0.0666666666666666,2761909673911.6846
901,105,105,(turtle 317),103,0.0192271083190557,3020624839.341077
827,105,33,(turtle 317),43,0.0398671096345514,1001541483.936265
729,105,119,(turtle 317),118,0.0136172678545559,13069414024.11443
483,105,0,(turtle 317),18,0.1437908496732026,2407721061289.6743
643,105,0,(turtle 317),10,0.0444444444444444,2976698200940.619
200,105,0,(turtle 317),13,0.0897435897435897,2494340561512.348
639,105,0,(turtle 317),15,0.0571428571428571,4238514474847.362
128,105,0,(turtle 317),11,0.0363636363636363,1293436541169.329
53,105,0,(turtle 317),13,0.0512820512820512,2880772088832.099
445,105,0,(turtle 317),8,0.0714285714285714,3997633128883.132
34,105,0,(turtle 317),21,0.0666666666666666,4781007607505.518
626,105,0,(turtle 317),16,0.05,3257211595045.6714
896,105,20,(turtle 317),23,0.0158102766798418,1074777656.696488
392,105,0,(turtle 317),15,0.0952380952380952,3481790696816.0386
609,105,0,(turtle 317),11,0.0545454545454545,2706407962899.2046
684,105,0,(turtle 317),18,0.0588235294117647,3926256976982.873
992,105,0,(turtle 317),24,0.0652173913043478,2148987051328.1035
112,105,2,(turtle 317),19,0.0760233918128654,281133047.272268
261,105,0,(turtle 317),14,0.0879120879120879,2286949786745.779
913,105,0,(turtle 317),12,0.106060606060606,1362383321283.5945
470,105,113,(turtle 317),108,0.0077881619937694,5444903527.743499
800,105,127,(turtle 317),126,0.0151111111111111,65471711014.89858
51,105,0,(turtle 317),17,0.0588235294117647,4227810093651.996
529,105,0,(turtle 317),17,0.0735294117647058,3473821817778.134
795,105,0,(turtle 317),15,0.0476190476190476,3144820079238.6074
453,105,0,(turtle 317),9,0.0277777777777777,3327144421796.2964
745,105,0,(turtle 317),12,0.0606060606060606,4284508054072.7534
415,105,0,(turtle 317),14,0.0549450549450549,1570377572084.528
312,105,69,(turtle 317),73,0.0308219178082191,953112878.2108848
638,105,0,(turtle 317),19,0.0526315789473684,2304715043064.581
363,105,0,(turtle 317),13,0.0897435897435897,2262966446130.5063
802,105,0,(turtle 317),11,0.0181818181818181,2788087529897.953
902,105,0,(turtle 317),14,0.0549450549450549,2591747606118.78
636,105,0,(turtle 317),17,0.0955882352941176,3468260466709.534
497,105,0,(turtle 317),16,0.05,1527227161201.4998
55,105,0,(turtle 317),23,0.075098814229249,1829716125060.9856
779,105,0,(turtle 317),14,0.0549450549450549,2218223258038.487
854,105,0,(turtle 317),17,0.0661764705882353,2427332622192.5
65,105,0,(turtle 317),17,0.0735294117647058,2917428123770.832
460,105,0,(turtle 317),10,0.1111111111111111,2972623597121.322
400,105,127,(turtle 317),121,0.0146005509641873,51785165107.80635
903,105,0,(turtle 317),10,0.0888888888888888,1945837882585.51
421,105,0,(turtle 317),17,0.0514705882352941,3869746203715.428
364,105,0,(turtle 317),17,0.0367647058823529,1499684323923.8264
796,105,0,(turtle 317),17,0.0514705882352941,2940682968141.8794
812,105,0,(turtle 317),15,0.0285714285714285,3372246362578.784
117,105,94,(turtle 317),94,0.0125829329672843,1835108413.484285
32,105,0,(turtle 317),21,0.0571428571428571,3038608358153.368
270,105,0,(turtle 317),10,0.0222222222222222,2313378641316.6577
482,105,0,(turtle 317),10,0.1111111111111111,4394984513124.743
864,105,0,(turtle 317),18,0.0522875816993464,3841479019857.323
77,105,0,(turtle 317),17,0.0514705882352941,1893954214538.1765
566,105,0,(turtle 317),17,0.0514705882352941,2065044687947.816
194,105,0,(turtle 317),13,0.0128205128205128,2777942918726.21
655,105,128,(turtle 317),121,0.0158402203856749,71828810909.37596
667,105,0,(turtle 317),18,0.0718954248366013,2389047165842.4507
807,105,0,(turtle 317),17,0.0147058823529411,2553016113518.532
406,105,0,(turtle 317),12,0.0606060606060606,2922203418238.428
917,105,126,(turtle 317),123,0.016260162601626,51702596497.37884
71,105,0,(turtle 317),13,0.0897435897435897,1936866902148.5583
927,105,0,(turtle 317),13,0.0512820512820512,2006009690405.369
350,105,0,(turtle 317),16,0.075,2036460515548.3335
669,105,0,(turtle 317),17,0.0514705882352941,4178687809443.44
726,105,0,(turtle 317),18,0.0457516339869281,1901977487675.1123
894,105,13,(turtle 317),22,0.0649350649350649,360427275.1203504
621,105,0,(turtle 317),14,0.0439560439560439,2211154227163.798
141,105,0,(turtle 317),17,0.0588235294117647,2511064366034.561
199,105,0,(turtle 317),16,0.0666666666666666,1503711460455.4016
451,105,105,(turtle 317),104,0.015496639283047,3359265638.3607
719,105,0,(turtle 317),12,0.0454545454545454,1688951588625.6448
778,105,0,(turtle 317),15,0.0666666666666666,2536437402431.937
767,105,0,(turtle 317),14,0.0549450549450549,3309140990750.08
777,105,103,(turtle 317),99,0.0086580086580086,2741159024.644604
54,105,0,(turtle 317),18,0.0849673202614379,3898636256972.896
675,105,0,(turtle 317),11,0.0727272727272727,4057892551186.584
660,105,0,(turtle 317),16,0.075,2768891121809.619
471,105,0,(turtle 317),17,0.0367647058823529,4730073538688.48
985,105,0,(turtle 317),11,0.0363636363636363,3684053129770.114
89,105,0,(turtle 317),16,0.1,4334047970889.6616
909,105,0,(turtle 317),13,0.0641025641025641,3312244597345.6235
207,105,0,(turtle 317),16,0.0583333333333333,2911484292241.631
138,105,65,(turtle 317),70,0.029399585921325,1695400301.5257034
254,105,129,(turtle 317),118,0.0018832391713747,75652846074.43225
732,105,0,(turtle 317),17,0.0441176470588235,3556483849591.988
650,105,38,(turtle 317),48,0.0540780141843971,893903661.0979005
851,105,0,(turtle 317),15,0.0857142857142857,2090397228938.8967
954,105,0,(turtle 317),12,0.0303030303030303,1800002345737.6543
122,105,0,(turtle 317),8,0.0714285714285714,2335400607432.5645
884,105,124,(turtle 317),123,0.0143942423030787,39446435497.15523
519,105,0,(turtle 317),10,0.0444444444444444,3328656718883.2954
581,105,0,(turtle 317),18,0.0392156862745098,1821603293778.829
492,105,0,(turtle 317),16,0.0416666666666666,2091275974998.164
297,105,0,(turtle 317),19,0.0760233918128654,4041745635619.4976
869,105,0,(turtle 317),15,0.0857142857142857,1708993117053.6672
163,105,0,(turtle 317),19,0.0935672514619883,4212938900533.897
281,105,0,(turtle 317),13,0.0256410256410256,1401948716999.256
973,105,0,(turtle 317),20,0.0736842105263157,2425402870825.371
847,105,0,(turtle 317),13,0.0512820512820512,3205080093511.561
968,105,2,(turtle 317),14,0.0549450549450549,355939395.711774
956,105,0,(turtle 317),12,0.0454545454545454,4150244795401.829
95,105,0,(turtle 317),10,0.0888888888888888,2017831037556.7185
126,105,0,(turtle 317),11,0.0545454545454545,4268492444343.109
790,105,122,(turtle 317),120,0.0166666666666666,12073714033.478333
533,105,0,(turtle 317),13,0.0384615384615384,2661484196537.874
219,105,0,(turtle 317),15,0.0571428571428571,1675088484581.7812
885,105,0,(turtle 317),16,0.0333333333333333,2824090345128.7534
360,105,57,(turtle 317),61,0.028415300546448,1336906629.4762452
295,105,24,(turtle 317),33,0.0549242424242424,659438573.8732022
87,105,0,(turtle 317),13,0.0641025641025641,3201592498234.333
137,105,0,(turtle 317),15,0.0285714285714285,1986162273766.9373
78,105,15,(turtle 317),26,0.0646153846153846,351806005.37471235
33,105,0,(turtle 317),16,0.0333333333333333,3038891575647.8057
646,105,0,(turtle 317),16,0.0166666666666666,3964434150417.827
395,105,102,(turtle 317),101,0.0164356435643564,3139329016.435776
154,105,0,(turtle 317),17,0.0441176470588235,2571396750353.9653
897,105,0,(turtle 317),20,0.0684210526315789,4541331836007.042
658,105,117,(turtle 317),116,0.0089955022488755,8382684146.787855
618,105,0,(turtle 317),14,0.0219780219780219,2836958773054.864
306,105,0,(turtle 317),15,0.0285714285714285,2407848749559.1514
832,105,0,(turtle 317),13,0.0512820512820512,1611281296591.587
833,105,116,(turtle 317),114,0.0149045179319981,7888020950.033703
113,105,0,(turtle 317),12,0.0151515151515151,3026827310780.796
309,105,0,(turtle 317),8,0.0357142857142857,2058375162975.6985
318,105,0,(turtle 317),18,0.0718954248366013,3429668849324.458
188,105,0,(turtle 317),21,0.0857142857142857,3306884449738.396
678,105,0,(turtle 317),7,0.0476190476190476,2099328938615.8765
147,105,0,(turtle 317),15,0.1142857142857142,3217650947798.1035
478,105,0,(turtle 317),9,0.0555555555555555,2631998777137.0645
969,105,0,(turtle 317),10,0.0666666666666666,1616860248862.4385
226,105,0,(turtle 317),20,0.0894736842105263,4310823940377.7607
323,105,63,(turtle 317),65,0.03125,1518699281.0941615
657,105,0,(turtle 317),17,0.0735294117647058,7729529804065.777
328,105,130,(turtle 317),124,0.010752688172043,170859829525.3167
970,105,0,(turtle 317),18,0.0522875816993464,4082893384872.346
411,105,0,(turtle 317),13,0.0512820512820512,2600727759649.5493
888,105,122,(turtle 317),119,0.0129611166500498,17974581766.593094
442,105,0,(turtle 317),16,0.075,3548829119493.693
75,105,0,(turtle 317),14,0.0109890109890109,2827660280556.516
152,105,40,(turtle 317),44,0.0179704016913319,788006857.6483845
668,105,0,(turtle 317),21,0.0428571428571428,5937020527404.404
299,105,0,(turtle 317),14,0.0439560439560439,2519060302944.66
961,105,0,(turtle 317),11,0.0545454545454545,2706046613702.533
872,105,11,(turtle 317),19,0.0935672514619883,369470924.73125017
817,105,0,(turtle 317),12,0.0909090909090909,2337944766354.84
161,105,0,(turtle 317),23,0.0474308300395256,3586866499172.8438
974,105,0,(turtle 317),17,0.0441176470588235,1498068479093.8552
687,105,5,(turtle 317),14,0.0659340659340659,232932687.05376044
329,105,0,(turtle 317),12,0.1515151515151515,1591327262313.0476
940,105,0,(turtle 317),16,0.05,1620532545987.4243
784,105,0,(turtle 317),12,0.0303030303030303,2688911204348.121
238,105,0,(turtle 317),17,0.1029411764705882,5652221154256.828
354,105,70,(turtle 317),77,0.0280246069719753,1756235294.5165176
507,105,133,(turtle 317),131,0.0089254257193188,271681941062.64508
535,105,63,(turtle 317),63,0.0209933435739887,1212425628.8838797
494,105,0,(turtle 317),9,0.0833333333333333,1683448218795.3037
925,105,0,(turtle 317),17,0.0514705882352941,2693071326029.561
676,105,0,(turtle 317),20,0.0631578947368421,5667065522730.648
222,105,0,(turtle 317),20,0.0473684210526315,3616824671606.348
321,105,0,(turtle 317),16,0.0333333333333333,2719958379919.0894
73,105,0,(turtle 317),9,0.0833333333333333,3635602447211.199
671,105,0,(turtle 317),14,0.0219780219780219,3878074302394.841
469,105,0,(turtle 317),10,0.0888888888888888,4344184000785.72
9,105,106,(turtle 317),104,0.0115758028379387,3855388584.202823
768,105,0,(turtle 317),15,0.0952380952380952,3494369976955.062
449,105,16,(turtle 317),27,0.0484330484330484,358234035.38546705
714,105,0,(turtle 317),12,0.0606060606060606,2680010559279.254
476,105,0,(turtle 317),21,0.0619047619047619,3755462417474.232
14,105,0,(turtle 317),11,0.0,2534530772207.9653
652,105,0,(turtle 317),16,0.0333333333333333,3747869253357.83
358,105,0,(turtle 317),14,0.0879120879120879,3949102684603.413
983,105,0,(turtle 317),14,0.0549450549450549,3923099153155.076
286,105,0,(turtle 317),14,0.0879120879120879,2651709326477.0254
486,105,1,(turtle 317),15,0.019047619047619,189739927.9108794
814,105,0,(turtle 317),18,0.0457516339869281,2191035581604.6064
462,105,0,(turtle 317),12,0.0909090909090909,3382248308919.7227
711,105,0,(turtle 317),15,0.0571428571428571,1620038517642.8914
401,105,0,(turtle 317),14,0.0549450549450549,6470480355864.9375
982,105,118,(turtle 317),115,0.0129672006102212,9399540896.05407
52,105,0,(turtle 317),21,0.0714285714285714,4843961336703.532
661,105,0,(turtle 317),15,0.0857142857142857,2149852424204.291
378,105,0,(turtle 317),11,0.0363636363636363,3349354685436.895
28,105,0,(turtle 317),16,0.075,5359636101135.878
725,105,0,(turtle 317),15,0.0857142857142857,2080642208981.679
160,105,0,(turtle 317),13,0.0897435897435897,3001398453135.719
701,105,0,(turtle 317),12,0.0606060606060606,1400354335675.796
616,105,0,(turtle 317),15,0.0476190476190476,2990300847610.536
464,105,0,(turtle 317),21,0.0666666666666666,2694188863628.629
228,105,99,(turtle 317),98,0.0166210814222596,2798718218.391094
43,105,0,(turtle 317),15,0.0476190476190476,1348042479327.1487
84,105,113,(turtle 317),111,0.0129402129402129,6561477383.475194
366,105,0,(turtle 317),14,0.0329670329670329,1925834572554.1035
399,105,0,(turtle 317),16,0.0583333333333333,2332347916920.8154
545,105,0,(turtle 317),12,0.0606060606060606,2775563635623.2275
916,105,0,(turtle 317),12,0.0909090909090909,1598137771435.9993
873,105,0,(turtle 317),17,0.0661764705882353,2338867820859.1626
214,105,3,(turtle 317),12,0.1363636363636363,163439426.2817092
750,105,0,(turtle 317),19,0.0584795321637426,4869776171920.771
193,105,0,(turtle 317),12,0.0454545454545454,3168441887133.729
275,105,0,(turtle 317),14,0.0439560439560439,2779849827347.4683
344,105,0,(turtle 317),10,0.0666666666666666,2769356952933.0674
210,105,0,(turtle 317),13,0.0384615384615384,1649872427361.738
368,105,0,(turtle 317),15,0.0952380952380952,2343633369509.1123
811,105,0,(turtle 317),23,0.0355731225296442,5684689143259.107
376,105,1,(turtle 317),14,0.0659340659340659,316459307.5462564
369,105,0,(turtle 317),11,0.0909090909090909,2699443284180.886
72,105,0,(turtle 317),15,0.0380952380952381,1207462066206.2314
431,105,0,(turtle 317),19,0.0350877192982456,3100955124181.6
699,105,0,(turtle 317),11,0.0727272727272727,1851198023038.1
828,105,0,(turtle 317),14,0.0439560439560439,2230713609124.219
175,105,0,(turtle 317),10,0.0444444444444444,3083860473971.4155
527,105,0,(turtle 317),14,0.0989010989010989,2371361001869.023
348,105,0,(turtle 317),17,0.0294117647058823,2549287595879.674
906,105,0,(turtle 317),15,0.0285714285714285,3112780122338.9985
571,105,0,(turtle 317),17,0.0441176470588235,3239803131591.5444
590,105,0,(turtle 317),14,0.0549450549450549,2003528188512.2432
146,105,0,(turtle 317),12,0.0606060606060606,3672525899028.492
196,105,0,(turtle 317),15,0.0285714285714285,1836842846087.152
713,105,0,(turtle 317),12,0.1212121212121212,3427949873292.854
559,105,0,(turtle 317),16,0.0833333333333333,1843866485517.244
672,105,0,(turtle 317),11,0.0727272727272727,2624715059999.4165
863,105,134,(turtle 317),128,0.0081200787401574,639480440004.1395
493,105,0,(turtle 317),14,0.0439560439560439,3096092882953.388
526,105,0,(turtle 317),20,0.0789473684210526,2454131534424.959
380,105,0,(turtle 317),18,0.0718954248366013,2315934450433.83
772,105,1,(turtle 317),9,0.0555555555555555,359878025.45645857
317,105,91,(turtle 317),87,0.0139000267308206,2445743845.0047545
168,105,0,(turtle 317),17,0.0808823529411764,3633904737967.375
237,105,0,(turtle 317),16,0.0333333333333333,4491569149012.202
731,105,0,(turtle 317),25,0.03,5149015299201.962
313,105,0,(turtle 317),14,0.0769230769230769,3799572379381.835
375,105,0,(turtle 317),23,0.075098814229249,5210045846535.641
981,105,0,(turtle 317),14,0.0879120879120879,2624042922781.635
637,105,0,(turtle 317),16,0.0916666666666666,2203512125519.6494
260,105,0,(turtle 317),15,0.0761904761904762,4094722165023.965
592,105,0,(turtle 317),11,0.0545454545454545,3542115466711.852
205,105,130,(turtle 317),124,0.013375295043273,140971149338.59448
278,105,0,(turtle 317),22,0.0562770562770562,4456739905396.444
740,105,0,(turtle 317),11,0.0545454545454545,3758707474900.281
209,105,0,(turtle 317),11,0.0545454545454545,2890175148204.908
181,105,0,(turtle 317),13,0.0897435897435897,1705782211814.4253
18,105,0,(turtle 317),12,0.1212121212121212,4624283060756.283
334,105,0,(turtle 317),18,0.0784313725490196,3848695982085.047
808,105,0,(turtle 317),12,0.0454545454545454,3450838376627.007
183,105,39,(turtle 317),51,0.0431372549019607,962126359.505018
186,105,0,(turtle 317),11,0.0545454545454545,3798781400367.709
931,105,0,(turtle 317),15,0.0285714285714285,4081329755853.563
315,105,0,(turtle 317),13,0.0769230769230769,4019294103260.822
921,105,0,(turtle 317),12,0.0606060606060606,1970792657405.8667
543,105,0,(turtle 317),13,0.0769230769230769,2725208028559.075
104,105,0,(turtle 317),16,0.0666666666666666,1577440057643.348
695,105,0,(turtle 317),12,0.0454545454545454,2675371973693.2124
617,105,123,(turtle 317),122,0.0070451158379623,22864043178.309288
37,105,0,(turtle 317),11,0.0727272727272727,3062080609468.7466
595,105,0,(turtle 317),8,0.0357142857142857,1272407253520.3896
20,105,0,(turtle 317),21,0.0571428571428571,3395833455510.067
876,105,0,(turtle 317),11,0.0363636363636363,1877368125757.06
881,105,0,(turtle 317),10,0.0222222222222222,4212689181864.6113
891,105,0,(turtle 317),15,0.0285714285714285,1821062204787.9
763,105,0,(turtle 317),18,0.0392156862745098,2846423671721.99
477,105,0,(turtle 317),13,0.0128205128205128,1738224680895.5232
912,105,75,(turtle 317),76,0.0168421052631578,1740794153.5941992
865,105,0,(turtle 317),11,0.0545454545454545,1603399444067.796
834,105,5,(turtle 317),17,0.0808823529411764,404029962.2932916
337,105,90,(turtle 317),90,0.015230961298377,1845270579.856709
516,105,0,(turtle 317),13,0.0897435897435897,2695588763632.711
384,105,0,(turtle 317),11,0.0545454545454545,1366803334598.4775
307,105,0,(turtle 317),19,0.0526315789473684,2992709109900.284
758,105,0,(turtle 317),13,0.0,2915022831550.866
623,105,0,(turtle 317),18,0.0849673202614379,3667732385113.7983
805,105,0,(turtle 317),15,0.0571428571428571,1776394711873.6826
553,105,0,(turtle 317),20,0.0631578947368421,2763182830531.939
379,105,0,(turtle 317),21,0.0666666666666666,2633811731934.7773
31,105,0,(turtle 317),13,0.0641025641025641,2295950791342.441
1,105,106,(turtle 317),104,0.0168035847647498,3251682899.6666613
231,105,0,(turtle 317),22,0.0735930735930736,4158838079321.658
935,105,0,(turtle 317),17,0.0441176470588235,3795907641844.136
133,105,0,(turtle 317),17,0.0588235294117647,1329162107044.5278
574,105,0,(turtle 317),9,0.0555555555555555,3788929894448.646
522,105,0,(turtle 317),15,0.0476190476190476,2979848091702.6733
3,105,9,(turtle 317),15,0.0285714285714285,375456892.49086165
221,105,0,(turtle 317),17,0.0588235294117647,1650985770787.3186
125,105,0,(turtle 317),18,0.0522875816993464,1973750273960.6023
614,105,0,(turtle 317),16,0.0416666666666666,1670741511961.4456
867,105,0,(turtle 317),17,0.0441176470588235,2966599332403.745
910,105,0,(turtle 317),17,0.0441176470588235,3501190883092.7524
665,105,0,(turtle 317),21,0.0619047619047619,2476402860698.1206
662,105,0,(turtle 317),16,0.125,2213225758455.512
766,105,0,(turtle 317),15,0.0666666666666666,1764669986220.275
303,105,0,(turtle 317),17,0.0808823529411764,3358057285486.8843
116,105,0,(turtle 317),11,0.0909090909090909,3431428063575.306
50,105,0,(turtle 317),16,0.075,1677783835239.1577
562,105,0,(turtle 317),12,0.0303030303030303,2580196176798.3105
536,105,0,(turtle 317),17,0.088235294117647,4476788775780.583
127,105,0,(turtle 317),15,0.0285714285714285,2857982444794.434
949,105,0,(turtle 317),22,0.0476190476190476,4412902070848.863
296,105,118,(turtle 317),116,0.0119940029985007,7700361155.543231
625,105,0,(turtle 317),15,0.0666666666666666,1526939665190.5403
564,105,0,(turtle 317),17,0.0220588235294117,3599772365196.534
82,105,81,(turtle 317),81,0.007716049382716,1280593664.1101246
991,105,65,(turtle 317),71,0.0261569416498993,1247781843.2015069
45,105,0,(turtle 317),13,0.0512820512820512,1818771125343.7344
402,105,0,(turtle 317),11,0.0181818181818181,2492163040700.304
656,105,0,(turtle 317),15,0.0476190476190476,3125589493170.4297
180,105,0,(turtle 317),9,0.0277777777777777,3683542278877.128
331,105,0,(turtle 317),8,0.0357142857142857,2613898270086.784
367,105,0,(turtle 317),17,0.0735294117647058,3014867675018.845
659,105,0,(turtle 317),18,0.0784313725490196,2957538011527.1763
563,105,0,(turtle 317),13,0.0512820512820512,2486929228294.838
108,105,0,(turtle 317),18,0.0784313725490196,2391266965736.9707
272,105,0,(turtle 317),15,0.0857142857142857,5876653670419.963
253,105,0,(turtle 317),14,0.0549450549450549,3045397390388.4355
950,105,0,(turtle 317),17,0.0220588235294117,4003443584637.097
212,105,0,(turtle 317),26,0.0738461538461538,2376795170668.8438
437,105,0,(turtle 317),14,0.0659340659340659,2067303774963.541
546,105,0,(turtle 317),14,0.0989010989010989,3437054595989.8984
930,105,130,(turtle 317),129,0.0130813953488372,107132300497.33554
799,105,0,(turtle 317),15,0.0571428571428571,2539525054675.55
587,105,0,(turtle 317),17,0.088235294117647,4137697861494.4272
900,105,0,(turtle 317),13,0.0641025641025641,1982792740495.47
716,105,0,(turtle 317),15,0.019047619047619,3166522978286.489
874,105,0,(turtle 317),11,0.0545454545454545,4957937204754.532
16,105,0,(turtle 317),15,0.0380952380952381,1607903228154.0078
473,105,0,(turtle 317),13,0.0256410256410256,2103382425394.183
302,105,0,(turtle 317),14,0.0219780219780219,3152952471156.024
59,105,0,(turtle 317),13,0.0512820512820512,3013290479263.035
857,105,0,(turtle 317),14,0.0439560439560439,3054478916285.981
144,105,0,(turtle 317),14,0.0659340659340659,1543607473929.7676
35,105,0,(turtle 317),13,0.0769230769230769,2704632052041.1694
247,105,116,(turtle 317),114,0.0122651762148734,9239926156.901718
696,105,102,(turtle 317),97,0.0137457044673539,2276077970.0470424
820,105,0,(turtle 317),12,0.1212121212121212,1945781604768.4924
640,105,0,(turtle 317),17,0.0735294117647058,1909809995787.476
911,105,0,(turtle 317),17,0.0661764705882353,1795997563687.1353
397,105,99,(turtle 317),100,0.0165656565656565,2640857629.6813664
472,105,0,(turtle 317),22,0.0303030303030303,2921744183861.3867
879,105,0,(turtle 317),16,0.0416666666666666,1970118634731.0264
2,105,118,(turtle 317),112,0.0096525096525096,11503734862.043827
532,105,0,(turtle 317),14,0.0879120879120879,2132575141834.9053
373,105,0,(turtle 317),20,0.0526315789473684,4027435282111.4194
583,105,0,(turtle 317),14,0.0439560439560439,2125489931218.5825
227,105,0,(turtle 317),13,0.0384615384615384,3123196442564.503
690,105,0,(turtle 317),13,0.1025641025641025,1528078184634.522
511,105,0,(turtle 317),17,0.0588235294117647,2276691118663.716
718,105,0,(turtle 317),12,0.0606060606060606,3022025545373.3003
506,105,15,(turtle 317),31,0.0709677419354838,515188411.8440948
786,105,0,(turtle 317),18,0.0457516339869281,5472759988815.945
776,105,105,(turtle 317),99,0.0187590187590187,3563203771.8780413
187,105,0,(turtle 317),18,0.065359477124183,1736253599259.158
608,105,0,(turtle 317),19,0.0467836257309941,2805807326015.8486
604,105,0,(turtle 317),14,0.0219780219780219,2856980021240.5293
468,105,0,(turtle 317),14,0.0219780219780219,2521832834689.9824
987,105,0,(turtle 317),15,0.0380952380952381,2439534566827.1763
521,105,0,(turtle 317),8,0.0,1402284441546.1584
709,105,0,(turtle 317),16,0.05,3180762816598.7964
920,105,121,(turtle 317),117,0.0073681108163866,16479000675.726784
647,105,0,(turtle 317),26,0.0646153846153846,3795620933012.941
17,105,0,(turtle 317),14,0.0549450549450549,2582497615740.1704
702,105,0,(turtle 317),12,0.0757575757575757,2288320682655.393
132,105,0,(turtle 317),10,0.0888888888888888,1739779114098.7332
76,105,0,(turtle 317),11,0.0181818181818181,2941882663200.5
15,105,0,(turtle 317),18,0.0718954248366013,3315196729658.805
129,105,0,(turtle 317),12,0.0454545454545454,4924525398107.929
343,105,0,(turtle 317),9,0.0555555555555555,2242644644648.8774
488,105,0,(turtle 317),16,0.0833333333333333,1387903736931.2734
585,105,18,(turtle 317),31,0.0623655913978494,380525523.509491
396,105,0,(turtle 317),13,0.0384615384615384,3722837925431.345
997,105,0,(turtle 317),16,0.0833333333333333,3125379097278.3354
939,105,0,(turtle 317),15,0.1047619047619047,3714827858251.664
642,105,0,(turtle 317),15,0.0952380952380952,2845401648956.204
74,105,0,(turtle 317),20,0.0578947368421052,2578093248103.6904
12,105,0,(turtle 317),16,0.0583333333333333,1136289214335.9104
0,105,0,(turtle 317),10,0.0888888888888888,3132712601166.029
172,105,0,(turtle 317),15,0.0476190476190476,4848781420584.882
764,105,0,(turtle 317),21,0.0761904761904762,1870936841227.42
813,105,0,(turtle 317),15,0.0285714285714285,3240529179871.3296
394,105,0,(turtle 317),18,0.0261437908496732,2859210072599.499
105,105,0,(turtle 317),21,0.0571428571428571,5976610367159.502
404,105,0,(turtle 317),16,0.0666666666666666,2468443418006.944
448,105,116,(turtle 317),115,0.0083905415713196,6661516162.196252
996,105,0,(turtle 317),16,0.0583333333333333,2309619051233.8955
631,105,0,(turtle 317),12,0.0,4586332921767.126
948,105,0,(turtle 317),19,0.0409356725146198,4422923498449.922
424,105,0,(turtle 317),13,0.0512820512820512,3615738616321.3823
770,105,0,(turtle 317),20,0.0473684210526315,5911221907384.395
461,105,0,(turtle 317),17,0.0294117647058823,2767205438007.767
153,105,0,(turtle 317),20,0.0421052631578947,3080185802153.6577
166,105,0,(turtle 317),15,0.0380952380952381,3167848805005.472
353,105,0,(turtle 317),12,0.0151515151515151,4424439534504.14
274,105,0,(turtle 317),11,0.0181818181818181,2163963280671.6228
383,105,0,(turtle 317),10,0.1111111111111111,2712615917472.1577
416,105,0,(turtle 317),11,0.0727272727272727,2755051739955.0874
291,105,3,(turtle 317),11,0.0363636363636363,234842210.63904124
182,105,0,(turtle 317),15,0.0380952380952381,2570874780813.596
923,105,0,(turtle 317),17,0.0808823529411764,1684654322942.6294
843,105,0,(turtle 317),13,0.0512820512820512,2156187575990.412
189,105,0,(turtle 317),15,0.0380952380952381,2236095168928.48
185,105,0,(turtle 317),18,0.0457516339869281,2624092171534.0083
597,105,0,(turtle 317),18,0.065359477124183,2847063940360.631
576,105,110,(turtle 317),105,0.0139194139194139,4616142295.639792
386,105,0,(turtle 317),16,0.025,4625023487523.877
177,105,63,(turtle 317),65,0.025,1070512743.7355472
539,105,84,(turtle 317),86,0.013953488372093,1437393998.5117822
24,105,44,(turtle 317),51,0.0203921568627451,1322434280.508188
977,105,0,(turtle 317),12,0.0151515151515151,3998300268489.08
475,105,0,(turtle 317),21,0.0714285714285714,5177680801839.97
861,105,0,(turtle 317),13,0.0128205128205128,1708569082351.0674
793,105,0,(turtle 317),21,0.0428571428571428,2124477160877.71
435,105,4,(turtle 317),16,0.0666666666666666,317962919.4705411
510,105,0,(turtle 317),16,0.0416666666666666,4023584940271.8286
999,105,0,(turtle 317),12,0.0606060606060606,3791000070855.343
495,105,0,(turtle 317),16,0.0666666666666666,4719945118454.17
204,105,0,(turtle 317),13,0.0256410256410256,1956332611753.628
101,105,0,(turtle 317),15,0.0666666666666666,2911666477736.34
928,105,0,(turtle 317),13,0.0512820512820512,3825701745354.5386
365,105,0,(turtle 317),15,0.0666666666666666,2659992626862.6973
450,105,0,(turtle 317),19,0.0584795321637426,3333708997093.768
48,105,0,(turtle 317),21,0.0857142857142857,2215397028214.571
887,105,0,(turtle 317),16,0.0916666666666666,2062300623339.107
990,105,52,(turtle 317),60,0.027683615819209,988953090.4705822
589,105,0,(turtle 317),12,0.0909090909090909,1959245017197.3647
326,105,0,(turtle 317),20,0.0421052631578947,2545569348332.177
548,105,0,(turtle 317),12,0.106060606060606,2263151087384.3857
611,105,0,(turtle 317),17,0.0661764705882353,5083276670205.755
99,105,0,(turtle 317),16,0.075,3520150558049.4907
418,105,107,(turtle 317),103,0.0209404150009518,2845792016.2553434
844,105,0,(turtle 317),13,0.0256410256410256,2856400295623.036
11,105,0,(turtle 317),11,0.0363636363636363,2406802845735.5835
292,105,0,(turtle 317),12,0.0454545454545454,4039596518689.6846
484,105,0,(turtle 317),14,0.0549450549450549,2545040260993.0405
118,105,0,(turtle 317),19,0.0584795321637426,3050158780579.424
109,105,0,(turtle 317),13,0.0384615384615384,2405331864759.6167
880,105,0,(turtle 317),10,0.0222222222222222,3161083768973.411
257,105,0,(turtle 317),21,0.0476190476190476,2224465595410.0547
594,105,0,(turtle 317),13,0.0384615384615384,3716772117029.5977
489,105,0,(turtle 317),17,0.0955882352941176,2849666388343.0024
508,105,88,(turtle 317),88,0.026907001044932,1715119863.923186
898,105,0,(turtle 317),17,0.0147058823529411,3696389671498.8936
169,105,0,(turtle 317),15,0.0476190476190476,1888650037146.7292
310,105,0,(turtle 317),9,0.0277777777777777,4818088581203.674
868,105,119,(turtle 317),120,0.0144257703081232,14484471852.40553
596,105,0,(turtle 317),12,0.0303030303030303,1407007065955.431
839,105,0,(turtle 317),11,0.0363636363636363,1538404295679.972
924,105,1,(turtle 317),18,0.0718954248366013,490392433.13853526
722,105,0,(turtle 317),16,0.025,1532807524511.4187
542,105,0,(turtle 317),16,0.05,4492893410803.916
762,105,0,(turtle 317),13,0.0512820512820512,1978788241812.6565
605,105,121,(turtle 317),119,0.0059820538384845,14643008212.799437
121,105,0,(turtle 317),21,0.0619047619047619,3627083571045.171
591,105,0,(turtle 317),15,0.0571428571428571,4088354668929.547
980,105,0,(turtle 317),12,0.0454545454545454,1497191621086.2627
338,105,0,(turtle 317),15,0.0571428571428571,3054496843068.9663
438,105,0,(turtle 317),19,0.087719298245614,4515564868600.246
743,105,0,(turtle 317),15,0.1047619047619047,1639890393862.587
301,105,0,(turtle 317),12,0.0909090909090909,3193766868688.521
409,105,0,(turtle 317),14,0.0769230769230769,3777445526883.5327
216,105,0,(turtle 317),13,0.0384615384615384,1677000397238.786
752,105,0,(turtle 317),12,0.0454545454545454,3893963627476.638
692,105,0,(turtle 317),17,0.0808823529411764,2691669337949.694
606,105,129,(turtle 317),127,0.0213723284589426,106393004837.88847
268,105,22,(turtle 317),33,0.0719696969696969,804996023.0284195
150,105,111,(turtle 317),111,0.0167076167076167,5108962183.198741
573,105,97,(turtle 317),92,0.0157668418537983,2392857757.5116982
22,105,83,(turtle 317),85,0.0263305322128851,1875794544.9802864
677,105,0,(turtle 317),17,0.0735294117647058,3788266174955.444
710,105,0,(turtle 317),18,0.0457516339869281,2796468821124.328
211,105,0,(turtle 317),12,0.0454545454545454,3105956908317.719
8,105,0,(turtle 317),15,0.0285714285714285,2210222008657.217
499,105,0,(turtle 317),20,0.1,6504796711955.635
255,105,0,(turtle 317),16,0.0583333333333333,1801047823228.812
36,105,0,(turtle 317),13,0.0384615384615384,3022198470092.8145
267,105,0,(turtle 317),14,0.0439560439560439,1810376810858.8047
837,105,0,(turtle 317),14,0.0549450549450549,3021902886408.7344
682,105,0,(turtle 317),15,0.0761904761904762,7053055125187.371
855,105,0,(turtle 317),11,0.0909090909090909,1798587191390.568
670,105,0,(turtle 317),10,0.0666666666666666,1920364334814.516
243,105,0,(turtle 317),9,0.0277777777777777,2411563575287.5444
156,105,0,(turtle 317),11,0.0727272727272727,4287762226670.652
250,105,123,(turtle 317),113,0.0124841972187104,21367094429.91239
936,105,0,(turtle 317),9,0.0555555555555555,3309962254102.049
513,105,0,(turtle 317),13,0.0256410256410256,1826634438164.032
815,105,4,(turtle 317),17,0.1029411764705882,228123522.44273117
341,105,133,(turtle 317),130,0.0135957066189624,224210587382.72845
845,105,0,(turtle 317),13,0.0897435897435897,3179137821180.2075
289,105,31,(turtle 317),40,0.0538461538461538,684950465.192575
201,105,0,(turtle 317),11,0.0545454545454545,2329142788962.202
203,105,0,(turtle 317),17,0.088235294117647,3073692586127.2725
233,105,0,(turtle 317),15,0.0380952380952381,2280906839620.6978
649,105,0,(turtle 317),14,0.0109890109890109,3488412763611.252
955,105,0,(turtle 317),12,0.0757575757575757,2959106776337.7207
721,105,0,(turtle 317),17,0.0441176470588235,3336237658042.793
419,105,0,(turtle 317),13,0.0769230769230769,2020845694173.4624
398,105,17,(turtle 317),23,0.0434782608695652,329033359.7877816
259,105,98,(turtle 317),92,0.013616817964644,1863030490.0281205
244,105,0,(turtle 317),17,0.0808823529411764,1739975689594.8958
620,105,6,(turtle 317),17,0.0514705882352941,247112964.72850427
408,105,0,(turtle 317),18,0.0522875816993464,3016133502029.428
945,105,0,(turtle 317),17,0.0514705882352941,2795948997356.103
80,105,0,(turtle 317),11,0.0181818181818181,1964241064363.906
688,105,0,(turtle 317),12,0.0606060606060606,2527566150821.072
440,105,104,(turtle 317),102,0.0112599495243642,3056788896.251721
632,105,0,(turtle 317),11,0.0727272727272727,2227794161168.145
575,105,0,(turtle 317),14,0.0549450549450549,2275753142413.292
782,105,0,(turtle 317),15,0.0476190476190476,2158128874655.3733
6,105,0,(turtle 317),15,0.0666666666666666,2579249120432.329
705,105,0,(turtle 317),18,0.0718954248366013,4630315106465.942
198,105,0,(turtle 317),13,0.0512820512820512,2451520933293.426
206,105,0,(turtle 317),15,0.0666666666666666,3660385912537.139
582,105,123,(turtle 317),118,0.0218745472982761,27217944435.160114
694,105,0,(turtle 317),15,0.0571428571428571,2776608011084.8687
749,105,0,(turtle 317),17,0.0661764705882353,3743591025694.882
747,105,0,(turtle 317),14,0.1208791208791208,3767265018254.173
835,105,0,(turtle 317),22,0.0649350649350649,2029819117139.1167
235,105,0,(turtle 317),13,0.0769230769230769,4207634725523.866
641,105,0,(turtle 317),13,0.0641025641025641,2315513763452.525
266,105,0,(turtle 317),19,0.0409356725146198,4758434793781.786
236,105,0,(turtle 317),18,0.0588235294117647,4499432410158.915
610,105,0,(turtle 317),11,0.0727272727272727,2866029249933.421
115,105,0,(turtle 317),17,0.0514705882352941,3565100590289.063
952,105,1,(turtle 317),16,0.075,133616464.35453
263,105,0,(turtle 317),14,0.0219780219780219,2868663238698.783
773,105,0,(turtle 317),15,0.0761904761904762,1951412943965.6252
801,105,17,(turtle 317),25,0.08,402896611.81274927
602,105,0,(turtle 317),12,0.0757575757575757,2129250240331.3403
29,105,0,(turtle 317),15,0.1142857142857142,3317350734410.9062
544,105,0,(turtle 317),11,0.0727272727272727,2285732096235.895
96,105,0,(turtle 317),18,0.0522875816993464,1111531496492.6636
325,105,0,(turtle 317),11,0.0727272727272727,2247038476807.559
549,105,0,(turtle 317),11,0.0545454545454545,2665799465124.375
648,105,0,(turtle 317),11,0.0727272727272727,2747274561809.932
195,105,0,(turtle 317),17,0.0294117647058823,4968222668520.94
474,105,0,(turtle 317),17,0.088235294117647,2962905196664.108
666,105,0,(turtle 317),20,0.0368421052631578,2645160930111.521
756,105,0,(turtle 317),14,0.0549450549450549,3369567778185.652
523,105,0,(turtle 317),8,0.0357142857142857,6121847866360.347
998,105,0,(turtle 317),11,0.0545454545454545,3875420556453.932
155,105,1,(turtle 317),12,0.0303030303030303,361414085.40292567
703,105,113,(turtle 317),108,0.0072689511941848,5291324130.437095
171,105,0,(turtle 317),11,0.0181818181818181,2927460103454.22
748,105,0,(turtle 317),14,0.0439560439560439,1935420914491.297
293,105,0,(turtle 317),17,0.0808823529411764,3584482137150.826
905,105,0,(turtle 317),20,0.0421052631578947,3012389106115.4097
818,105,1,(turtle 317),14,0.0659340659340659,154359082.75230598
136,105,8,(turtle 317),18,0.0915032679738562,239741849.67193604
143,105,0,(turtle 317),20,0.0210526315789473,4049075500680.464
586,105,0,(turtle 317),13,0.0769230769230769,1834821049490.3435
308,105,0,(turtle 317),14,0.0879120879120879,4994020513987.191
345,105,0,(turtle 317),9,0.0,1998114799721.7825
93,105,0,(turtle 317),17,0.0808823529411764,2575568726961.541
907,105,0,(turtle 317),11,0.0545454545454545,3613263738700.549
271,105,122,(turtle 317),123,0.0086632013861122,12024384908.594557
937,105,97,(turtle 317),98,0.0174626551651588,2403301120.9681745
501,105,0,(turtle 317),9,0.0,4559497708835.437
288,105,0,(turtle 317),13,0.0512820512820512,3385311904964.736
871,105,1,(turtle 317),18,0.065359477124183,91837136.0089462
630,105,0,(turtle 317),11,0.0363636363636363,3236021798112.063
446,105,0,(turtle 317),14,0.0329670329670329,2935218922173.873
757,105,0,(turtle 317),15,0.0285714285714285,3414520886706.247
734,105,112,(turtle 317),108,0.0103842159916926,7193640418.118204
580,105,0,(turtle 317),14,0.0659340659340659,2837268124727.494
361,105,134,(turtle 317),131,0.0186729301233118,535682127649.0637
584,105,104,(turtle 317),103,0.0171330668189605,1863302174.5370896
443,105,0,(turtle 317),13,0.0384615384615384,3217581068800.4453
741,105,0,(turtle 317),12,0.0757575757575757,2339698343091.368
191,105,0,(turtle 317),16,0.05,1970187434365.731
285,105,0,(turtle 317),14,0.0329670329670329,4205298945923.417
831,105,0,(turtle 317),14,0.0659340659340659,3107599826278.448
357,105,126,(turtle 317),127,0.0156230471191101,41151110536.84526
803,105,0,(turtle 317),10,0.0222222222222222,2073990825369.133
479,105,0,(turtle 317),13,0.0256410256410256,2604568671362.557
202,105,0,(turtle 317),17,0.0441176470588235,3009423949567.579
528,105,1,(turtle 317),21,0.0809523809523809,132260730.1006652
619,105,0,(turtle 317),13,0.0512820512820512,2227577593225.153
225,105,15,(turtle 317),25,0.05,394115631.57092905
780,105,0,(turtle 317),14,0.0549450549450549,2615200704333.675
686,105,86,(turtle 317),85,0.0134453781512605,1380993082.4465566
633,105,0,(turtle 317),16,0.05,2227212252674.272
846,105,0,(turtle 317),15,0.0666666666666666,3462297214670.4404
862,105,0,(turtle 317),10,0.0444444444444444,3571289940307.2275
21,105,0,(turtle 317),16,0.075,4656556423201.619
870,105,0,(turtle 317),13,0.1153846153846153,1782316246122.4854
746,105,0,(turtle 317),14,0.0879120879120879,3473345256776.9404
534,105,0,(turtle 317),59,0.0426651081239041,21035879082684.5
561,105,0,(turtle 317),18,0.0718954248366013,3186751604396.0786
252,105,0,(turtle 317),19,0.087719298245614,3511347404319.828
359,105,0,(turtle 317),13,0.0256410256410256,1730093203348.087
753,105,0,(turtle 317),17,0.0441176470588235,3752469630653.207
429,105,0,(turtle 317),16,0.1,3862971699678.53
131,105,0,(turtle 317),14,0.0659340659340659,4065541746235.965
565,105,0,(turtle 317),11,0.0909090909090909,1782349389467.2192
30,105,0,(turtle 317),16,0.05,2462155690486.178
578,105,0,(turtle 317),15,0.0380952380952381,3527959285650.0947
720,105,0,(turtle 317),15,0.0761904761904762,3406824408262.9146
13,105,0,(turtle 317),14,0.0219780219780219,1958785711635.1355
215,105,121,(turtle 317),119,0.0145278450363196,17350841235.541786
67,105,0,(turtle 317),10,0.0222222222222222,1995124502952.557
859,105,0,(turtle 317),10,0.1111111111111111,2102650209082.3296
723,105,95,(turtle 317),97,0.0152491408934707,1694515695.899263
664,105,0,(turtle 317),10,0.0888888888888888,2905772061633.2524
794,105,17,(turtle 317),28,0.074074074074074,488626188.8810663
336,105,0,(turtle 317),13,0.0512820512820512,3956963238608.889
878,105,0,(turtle 317),15,0.0857142857142857,3411254010605.501
81,105,49,(turtle 317),53,0.0362844702467343,1055776399.0551244
848,105,0,(turtle 317),11,0.0545454545454545,3360323376522.665
679,105,0,(turtle 317),12,0.0454545454545454,2326551230784.224
733,105,0,(turtle 317),19,0.0409356725146198,3440958366841.6045
412,105,0,(turtle 317),13,0.0769230769230769,1958361367221.751
458,105,0,(turtle 317),14,0.0549450549450549,3290008577449.84
61,105,0,(turtle 317),16,0.0583333333333333,2178031794447.3767
728,105,0,(turtle 317),19,0.0760233918128654,3564674833557.435
4,105,0,(turtle 317),17,0.0147058823529411,3836659431160.5513
465,105,66,(turtle 317),74,0.0307293594964827,901182928.7754765
525,105,0,(turtle 317),16,0.0666666666666666,2277169577395.473
426,105,0,(turtle 317),11,0.0181818181818181,3279302965232.652
972,105,0,(turtle 317),18,0.0130718954248366,3167281301201.262
926,105,0,(turtle 317),12,0.0606060606060606,3410226781812.077
889,105,0,(turtle 317),13,0.0384615384615384,1798085771036.4746
852,105,1,(turtle 317),14,0.0769230769230769,59971944.13052645
335,105,0,(turtle 317),17,0.0735294117647058,3991448934883.427
41,105,0,(turtle 317),13,0.0512820512820512,1735021324624.6104
114,105,0,(turtle 317),17,0.0588235294117647,2093083732848.6245
918,105,128,(turtle 317),126,0.0123174603174603,61943499367.727455
234,105,115,(turtle 317),115,0.0117467581998474,8405192830.502604
547,105,0,(turtle 317),21,0.0666666666666666,4699084751704.914
273,105,0,(turtle 317),15,0.0476190476190476,1463950177086.848
88,105,0,(turtle 317),19,0.0701754385964912,1556638017420.3257
248,105,0,(turtle 317),12,0.0606060606060606,1988159793209.955
179,105,0,(turtle 317),17,0.0661764705882353,1880497944970.5093
27,105,0,(turtle 317),16,0.0416666666666666,3499244487418.413
995,105,1,(turtle 317),8,0.1071428571428571,65493493.85980213
322,105,0,(turtle 317),12,0.1363636363636363,3538767527115.7905
754,105,0,(turtle 317),16,0.1,2690146474720.2305
829,105,0,(turtle 317),13,0.0641025641025641,4491571059787.903
644,105,0,(turtle 317),12,0.0454545454545454,3580576599873.5034
119,105,0,(turtle 317),15,0.0571428571428571,3827671362059.072
145,105,0,(turtle 317),13,0.0897435897435897,1880588001524.664
100,105,0,(turtle 317),14,0.0439560439560439,2852854996764.5005
485,105,0,(turtle 317),18,0.130718954248366,4530461891641.099
466,105,0,(turtle 317),11,0.0363636363636363,3964076670422.466
964,105,0,(turtle 317),17,0.0294117647058823,3510574812706.6504
362,105,0,(turtle 317),14,0.0769230769230769,2252101989687.368
377,105,0,(turtle 317),17,0.0735294117647058,3039248930430.62
993,105,0,(turtle 317),16,0.025,2113249728543.733
717,105,0,(turtle 317),18,0.065359477124183,2451387504294.4365
785,105,0,(turtle 317),14,0.0439560439560439,2657182919239.2217
148,105,107,(turtle 317),102,0.0056299747621821,3429422132.239004
38,105,0,(turtle 317),16,0.0333333333333333,1972767946619.0312
279,105,0,(turtle 317),16,0.0416666666666666,3120102420383.22
347,105,0,(turtle 317),14,0.0549450549450549,3865484417144.514
79,105,0,(turtle 317),10,0.0666666666666666,1997712424436.0947
804,105,0,(turtle 317),17,0.0588235294117647,2834644458794.271
230,105,0,(turtle 317),19,0.0760233918128654,3773548486334.485
339,105,0,(turtle 317),14,0.0769230769230769,1255385405782.3582
942,105,0,(turtle 317),12,0.0454545454545454,1805157155833.9287
151,105,0,(turtle 317),20,0.0526315789473684,6882054532891.423
904,105,0,(turtle 317),11,0.0363636363636363,2885115172025.535
816,105,0,(turtle 317),12,0.0757575757575757,2294940638400.5674
277,105,0,(turtle 317),18,0.0588235294117647,3175382801523.8813
551,105,49,(turtle 317),57,0.0363408521303258,1109251235.8618748
953,105,0,(turtle 317),17,0.0661764705882353,4285831662929.0186
934,105,39,(turtle 317),41,0.0170731707317073,722076231.1408468
316,105,0,(turtle 317),8,0.1428571428571428,1253411492195.4695
342,105,99,(turtle 317),98,0.0134651798863875,2357236245.548766
457,105,0,(turtle 317),13,0.0641025641025641,4075256378787.492
577,105,0,(turtle 317),10,0.0444444444444444,4316288770402.376
282,105,0,(turtle 317),14,0.0879120879120879,3720955032852.6816
572,105,0,(turtle 317),19,0.0760233918128654,2312473100005.101
165,105,0,(turtle 317),15,0.1047619047619047,2074489553790.4055
929,105,1,(turtle 317),13,0.0512820512820512,428546799.4165664
232,105,0,(turtle 317),17,0.0808823529411764,3262974753145.5537
391,105,0,(turtle 317),13,0.0641025641025641,1469837544526.061
427,105,118,(turtle 317),108,0.0098650051921079,6946695275.916816
94,105,0,(turtle 317),8,0.0,2723505981178.78
849,105,45,(turtle 317),50,0.0261224489795918,1354553821.7586565
706,105,1,(turtle 317),13,0.0769230769230769,62947002.78389695
459,105,0,(turtle 317),11,0.0363636363636363,1828042526179.4668
986,105,109,(turtle 317),107,0.0148122024334332,4322999683.006172
311,105,112,(turtle 317),114,0.0138177301661232,4499057514.534129
66,105,21,(turtle 317),27,0.0541310541310541,669915209.0426418
330,105,25,(turtle 317),37,0.0525525525525525,1067892733.475061
674,105,0,(turtle 317),20,0.0684210526315789,3363532030350.609
789,105,0,(turtle 317),15,0.0380952380952381,1411829695261.8247
480,105,0,(turtle 317),14,0.0659340659340659,2411832423134.0605
806,105,0,(turtle 317),10,0.0,4862041639630.007
615,105,0,(turtle 317),20,0.0421052631578947,1424121164903.4807
49,105,0,(turtle 317),12,0.0757575757575757,3953714641096.643
627,105,0,(turtle 317),17,0.0808823529411764,3835951669069.68
622,105,12,(turtle 317),26,0.0892307692307692,413563577.9125111
434,105,117,(turtle 317),113,0.0080594184576485,7005773565.373804
68,105,0,(turtle 317),17,0.0294117647058823,3010684448264.428
142,105,0,(turtle 317),13,0.0769230769230769,2410153667882.245
751,105,33,(turtle 317),43,0.0487264673311184,689861539.1583656
135,105,0,(turtle 317),10,0.0666666666666666,3720658594261.329
110,105,0,(turtle 317),16,0.0583333333333333,1894795471781.474
176,105,0,(turtle 317),22,0.0432900432900432,5540227958087.166
787,105,0,(turtle 317),12,0.0606060606060606,2628673393701.683
170,105,0,(turtle 317),12,0.0606060606060606,2440411427359.866
388,105,0,(turtle 317),15,0.0476190476190476,3075780159388.677
425,105,0,(turtle 317),10,0.0444444444444444,1510818162586.0117
149,105,0,(turtle 317),19,0.0467836257309941,4120536250481.901
111,105,0,(turtle 317),9,0.0555555555555555,1650063671100.805
624,105,0,(turtle 317),16,0.025,2613897111513.7383
60,105,0,(turtle 317),10,0.0666666666666666,1869203492593.408
241,105,0,(turtle 317),19,0.0701754385964912,2857406600024.268
389,105,1,(turtle 317),11,0.0545454545454545,182996788.7514894
97,105,0,(turtle 317),9,0.0,1589291225702.7456
515,105,0,(turtle 317),18,0.0457516339869281,3506666588134.5635
103,105,3,(turtle 317),17,0.0661764705882353,223578553.3244576
727,105,0,(turtle 317),15,0.0476190476190476,2749058116304.621
689,105,0,(turtle 317),14,0.0989010989010989,2923047427615.2134
298,105,0,(turtle 317),10,0.0,3835715755664.4185
120,105,0,(turtle 317),20,0.0368421052631578,2654707335798.244
841,105,15,(turtle 317),33,0.0776515151515151,374342170.1843668
685,105,0,(turtle 317),15,0.0666666666666666,2606626880985.572
628,105,1,(turtle 317),11,0.0,119232597.4722631
385,105,0,(turtle 317),18,0.0392156862745098,2128974370555.055
962,105,0,(turtle 317),10,0.0666666666666666,2415965208399.948
809,105,0,(turtle 317),15,0.0666666666666666,2243070264325.245
698,105,0,(turtle 317),19,0.0467836257309941,3163878805341.4644
830,105,0,(turtle 317),18,0.0849673202614379,1710055386989.8245
184,105,112,(turtle 317),107,0.0283900546640804,4574794217.0190935
280,105,0,(turtle 317),14,0.0219780219780219,3056777342241.4893
390,105,109,(turtle 317),103,0.0129449838187702,4195403021.065378
946,105,0,(turtle 317),18,0.0849673202614379,2178219059624.378
989,105,0,(turtle 317),17,0.0514705882352941,3979015823475.182
441,105,0,(turtle 317),10,0.0444444444444444,5181869607790.671
822,105,0,(turtle 317),13,0.0512820512820512,3475299136820.079
346,105,0,(turtle 317),16,0.0333333333333333,4415005945246.413
932,105,0,(turtle 317),16,0.0583333333333333,2276580461988.9507
157,105,0,(turtle 317),15,0.0952380952380952,1917802833709.5325
304,105,0,(turtle 317),13,0.0256410256410256,1849240760213.282
509,105,0,(turtle 317),8,0.0,2194392809904.1277
988,105,123,(turtle 317),112,0.0189832689832689,21542521166.94925
877,105,0,(turtle 317),14,0.0659340659340659,4480794527596.117
724,105,0,(turtle 317),20,0.0421052631578947,2828919297749.753
599,105,0,(turtle 317),17,0.0147058823529411,4538202475253.435
943,105,0,(turtle 317),18,0.0522875816993464,3339835681952.2524
86,105,0,(turtle 317),17,0.0441176470588235,3784671309878.9824
240,105,0,(turtle 317),14,0.0769230769230769,3730074180359.952
26,105,0,(turtle 317),13,0.0128205128205128,1989564786196.738
332,105,0,(turtle 317),16,0.0916666666666666,2430859415979.234
258,105,18,(turtle 317),33,0.0814393939393939,529939162.40505695
883,105,0,(turtle 317),19,0.0818713450292397,2550303623238.425
333,105,0,(turtle 317),22,0.0562770562770562,3500320908701.765
607,105,0,(turtle 317),10,0.0444444444444444,3307240048055.645
245,105,0,(turtle 317),15,0.0285714285714285,2361965003417.273
158,105,1,(turtle 317),21,0.0857142857142857,116909752.57240652
433,105,0,(turtle 317),11,0.0363636363636363,2784347329889.617
417,105,0,(turtle 317),16,0.0333333333333333,4763079192036.503
283,105,133,(turtle 317),126,0.011047619047619,254379478339.66904
432,105,0,(turtle 317),17,0.0808823529411764,3161296903477.897
552,105,0,(turtle 317),14,0.0549450549450549,3361158683841.4746
23,105,0,(turtle 317),18,0.0784313725490196,3245772251819.541
944,105,0,(turtle 317),15,0.0571428571428571,1497578667687.763
7,105,0,(turtle 317),31,0.086021505376344,8980084614206.82
882,105,80,(turtle 317),81,0.0169753086419753,2181574656.8060546
798,105,0,(turtle 317),10,0.1111111111111111,2671973902794.9834
984,105,0,(turtle 317),11,0.0545454545454545,1282529937752.8914
836,105,0,(turtle 317),19,0.0935672514619883,4238277738309.1177
979,105,0,(turtle 317),15,0.0380952380952381,5927670307322.023
410,105,102,(turtle 317),103,0.0201789453645535,2553545171.415174
314,105,0,(turtle 317),9,0.0555555555555555,2744401479747.061
229,105,0,(turtle 317),18,0.0196078431372549,2882449644616.1064
947,105,114,(turtle 317),108,0.0147109726548978,6500751726.632369
824,105,0,(turtle 317),17,0.0661764705882353,1809433941201.7605
840,105,0,(turtle 317),20,0.0736842105263157,2871350086461.407
407,105,4,(turtle 317),20,0.0947368421052631,167773976.29139298
123,105,0,(turtle 317),13,0.0897435897435897,2473982216889.156
487,105,0,(turtle 317),20,0.0526315789473684,3875450095822.626
965,105,0,(turtle 317),19,0.0526315789473684,2357598645347.787
439,105,0,(turtle 317),20,0.0789473684210526,1592552349937.2068
856,105,0,(turtle 317),16,0.0583333333333333,3529980756305.761
25,105,0,(turtle 317),15,0.0761904761904762,4742123610992.248
371,105,0,(turtle 317),17,0.0514705882352941,2963590464476.549
514,105,0,(turtle 317),13,0.1025641025641025,3373612205663.9624
635,105,0,(turtle 317),19,0.0409356725146198,2928687443260.654
284,105,0,(turtle 317),13,0.0769230769230769,2495392203692.367
249,105,0,(turtle 317),19,0.0409356725146198,2712679281172.0483
