697,105,0,(turtle 317),10,0.08888888888888889,4.659023364288393E12
503,105,0,(turtle 317),17,0.029411764705882353,2.764314862835019E12
520,105,0,(turtle 317),13,0.038461538461538464,3.7727848807509263E12
570,105,0,(turtle 317),15,0,3.194652469436583E12
556,105,0,(turtle 317),12,0.09090909090909091,2.7754410590450776E12
603,105,0,(turtle 317),15,0.0380952380952381,2.5957464146301562E12
826,105,0,(turtle 317),14,0.08791208791208792,1.5903560057964077E12
70,105,85,(turtle 317),86,0.01969904240766074,1.5261125000677414E9
455,105,0,(turtle 317),16,0.041666666666666664,3.155405436359994E12
300,105,0,(turtle 317),16,0.05,3.6667006662853135E12
850,105,0,(turtle 317),10,0.1111111111111111,2.669404200199694E12
190,105,0,(turtle 317),17,0.04411764705882353,2.4325828477559087E12
598,105,2,(turtle 317),12,0.10606060606060606,3.069560191916772E8
40,105,0,(turtle 317),20,0.05789473684210526,3.1087473744423477E12
781,105,126,(turtle 317),128,0.014886811023622047,5.618835877720787E10
960,105,0,(turtle 317),24,0.08333333333333333,3.0660775359425493E12
356,105,0,(turtle 317),14,0.03296703296703297,2.3549486581343887E12
557,105,0,(turtle 317),19,0.08771929824561403,3.0304217801891562E12
130,105,0,(turtle 317),24,0.06159420289855073,5.469723847634721E12
57,105,0,(turtle 317),19,0.07017543859649122,1.9018789498444453E12
173,105,0,(turtle 317),18,0.0392156862745098,2.5410528914180405E12
712,105,1,(turtle 317),11,0.07272727272727272,1.8442249605487376E8
915,105,26,(turtle 317),31,0.04946236559139785,9.541569037345521E8
352,105,0,(turtle 317),18,0.06535947712418301,3.6004670874173574E12
819,105,0,(turtle 317),21,0.09047619047619047,2.3867814749970947E12
654,105,0,(turtle 317),13,0.0641025641025641,2.479573622381967E12
797,105,0,(turtle 317),13,0.01282051282051282,3.2652299210526655E12
452,105,0,(turtle 317),15,0.0380952380952381,4.370971843705182E12
319,105,0,(turtle 317),12,0.015151515151515152,4.107244149260635E12
90,105,0,(turtle 317),18,0.06535947712418301,1.7149056749560989E12
428,105,0,(turtle 317),13,0.05128205128205128,2.6641726222573423E12
735,105,68,(turtle 317),71,0.021730382293762576,1.0866176031204114E9
588,105,0,(turtle 317),12,0.045454545454545456,4.957672833000408E12
381,105,137,(turtle 317),133,0.014581909318751423,5.931651203907884E13
579,105,0,(turtle 317),23,0.1067193675889328,6.086542834103528E12
498,105,0,(turtle 317),38,0.049786628733997154,7.622764686084975E12
858,105,0,(turtle 317),14,0.06593406593406594,3.1660756295552617E12
875,105,112,(turtle 317),108,0.010557286258220838,6.538346931731001E9
967,105,1,(turtle 317),14,0.06593406593406594,3.3016541476717126E8
91,105,0,(turtle 317),21,0.0380952380952381,2.9696152573864595E12
994,105,1,(turtle 317),16,0.041666666666666664,7.617579485901654E7
739,105,0,(turtle 317),12,0.09090909090909091,1.4337528206366536E12
634,105,0,(turtle 317),17,0.058823529411764705,2.9766630345517847E12
963,105,115,(turtle 317),110,0.014011676396997498,9.54418520269236E9
730,105,1,(turtle 317),12,0.10606060606060606,3.0710882456202388E7
92,105,0,(turtle 317),8,0.07142857142857142,1.9602968546546208E12
46,105,0,(turtle 317),18,0.06535947712418301,3.0750030476839517E12
134,105,0,(turtle 317),15,0.047619047619047616,2.4081373025414775E12
673,105,17,(turtle 317),30,0.06206896551724138,4.722364505251787E8
19,105,0,(turtle 317),15,0.0380952380952381,4.867488264171922E12
491,105,0,(turtle 317),12,0.10606060606060606,2.336735058806727E12
765,105,0,(turtle 317),13,0.05128205128205128,2.972306829283606E12
290,105,0,(turtle 317),15,0.047619047619047616,2.269379782160797E12
550,105,0,(turtle 317),10,0.13333333333333333,2.441714871498952E12
683,105,0,(turtle 317),16,0.05,3.4693378793105693E12
783,105,0,(turtle 317),6,0.06666666666666667,3.963891857182397E12
853,105,0,(turtle 317),14,0.06593406593406594,1.3974420139640981E12
707,105,80,(turtle 317),79,0.020123336579032782,1.6252909849418173E9
933,105,6,(turtle 317),19,0.0935672514619883,2.498516395030168E8
700,105,0,(turtle 317),16,0.041666666666666664,2.0476254326231255E12
760,105,0,(turtle 317),13,0.0641025641025641,2.387894217803349E12
567,105,0,(turtle 317),9,0.08333333333333333,2.740686617169743E12
220,105,0,(turtle 317),14,0.07692307692307693,2.2718868609743135E12
463,105,0,(turtle 317),15,0.05714285714285714,1.7764287161900696E12
140,105,0,(turtle 317),19,0.04678362573099415,2.2290899689102915E12
106,105,130,(turtle 317),122,0.004470938897168405,1.027702750928988E11
10,105,0,(turtle 317),15,0.05714285714285714,3.9733813503637876E12
540,105,0,(turtle 317),16,0.03333333333333333,3.030371314961032E12
810,105,0,(turtle 317),15,0.009523809523809525,3.7988160855169062E12
56,105,27,(turtle 317),36,0.06031746031746032,6.770600164821924E8
294,105,0,(turtle 317),14,0.054945054945054944,3.2198300925630513E12
351,105,0,(turtle 317),19,0.0935672514619883,2.297423095581913E12
971,105,0,(turtle 317),12,0.045454545454545456,3.5741432782321167E12
370,105,18,(turtle 317),33,0.07196969696969698,3.317729259410782E8
715,105,97,(turtle 317),98,0.026930359772775088,2.290314438999694E9
838,105,129,(turtle 317),131,0.018790369935408103,6.77216220166653E10
895,105,0,(turtle 317),16,0.03333333333333333,3.2425327329664805E12
951,105,0,(turtle 317),19,0.06432748538011696,2.079020342073758E12
414,105,0,(turtle 317),19,0.07602339181286549,3.0897556641539946E12
842,105,48,(turtle 317),53,0.04862119013062409,1.1520072720012572E9
737,105,0,(turtle 317),22,0.05627705627705628,3.695369584229236E12
320,105,0,(turtle 317),17,0.03676470588235294,2.697499353464808E12
959,105,130,(turtle 317),125,0.01625806451612903,1.0478589063192809E11
613,105,0,(turtle 317),15,0.0761904761904762,3.4868324468783267E12
276,105,12,(turtle 317),20,0.04736842105263158,4.499690524149133E8
264,105,0,(turtle 317),13,0.05128205128205128,2.0449432745899878E12
349,105,0,(turtle 317),14,0.03296703296703297,2.366435195819036E12
327,105,119,(turtle 317),114,0.006675981990374166,9.243551610043224E9
251,105,0,(turtle 317),20,0.02631578947368421,2.936633229134994E12
164,105,0,(turtle 317),13,0.08974358974358974,1.664035419809736E12
663,105,0,(turtle 317),22,0.05627705627705628,2.379900147330749E12
324,105,0,(turtle 317),14,0.054945054945054944,3.515310193952363E12
124,105,0,(turtle 317),18,0.05228758169934641,4.260713251583899E12
420,105,0,(turtle 317),13,0.038461538461538464,2.2245883337336074E12
374,105,0,(turtle 317),16,0.05,3.439608634354581E12
893,105,0,(turtle 317),17,0.022058823529411766,2.7425354270478276E12
651,105,0,(turtle 317),14,0.054945054945054944,3.396885106264935E12
413,105,0,(turtle 317),12,0.015151515151515152,1.8547013548526458E12
680,105,0,(turtle 317),13,0.05128205128205128,3.772787281420098E12
537,105,122,(turtle 317),113,0.01580278128950695,1.576052402099513E10
63,105,0,(turtle 317),16,0.05,5.263345322580831E12
178,105,0,(turtle 317),9,0,2.8722450592320054E12
792,105,0,(turtle 317),16,0.016666666666666666,2.0182077585685427E12
538,105,34,(turtle 317),45,0.05858585858585859,1.1514078676441908E9
693,105,0,(turtle 317),14,0.02197802197802198,3.485575378997514E12
791,105,0,(turtle 317),17,0.10294117647058823,2.2500816529652803E12
530,105,19,(turtle 317),36,0.06190476190476191,7.357084032674506E8
44,105,134,(turtle 317),137,0.010412194074710177,5.835613140557285E11
217,105,0,(turtle 317),14,0.054945054945054944,2.7860712034509834E12
467,105,0,(turtle 317),20,0.09473684210526316,2.178392971623172E12
517,105,0,(turtle 317),9,0.1111111111111111,2.7181170000135664E12
914,105,0,(turtle 317),12,0.07575757575757576,4.886369292018669E12
742,105,0,(turtle 317),12,0.07575757575757576,3.4504322681910063E12
139,105,0,(turtle 317),15,0.0380952380952381,2.47565347980594E12
64,105,0,(turtle 317),13,0.0641025641025641,4.804052391640859E12
444,105,0,(turtle 317),12,0.030303030303030304,1.420732074921251E12
681,105,0,(turtle 317),13,0.05128205128205128,3.003998581363809E12
922,105,0,(turtle 317),14,0.07692307692307693,3.138434255564938E12
223,105,1,(turtle 317),16,0.075,1.1140296418182093E8
256,105,120,(turtle 317),117,0.01576775714706749,1.0136377677780325E10
975,105,0,(turtle 317),16,0.041666666666666664,2.5115525122868193E12
504,105,98,(turtle 317),98,0.01283399957921313,2.3666822973856497E9
287,105,0,(turtle 317),10,0.044444444444444446,2.1218194649112476E12
558,105,0,(turtle 317),16,0.03333333333333333,1.6251613131853237E12
496,105,0,(turtle 317),9,0.05555555555555555,2.0817271589184395E12
454,105,130,(turtle 317),122,0.0075870478254979,8.75854069454107E10
213,105,0,(turtle 317),15,0.06666666666666667,5.585704902425891E12
197,105,0,(turtle 317),11,0.05454545454545454,3.8664098005566294E12
957,105,0,(turtle 317),10,0.044444444444444446,1.6828584347347014E12
159,105,0,(turtle 317),10,0.08888888888888889,2.196686846085728E12
899,105,0,(turtle 317),12,0.045454545454545456,1.6901011071030645E12
98,105,0,(turtle 317),14,0.01098901098901099,2.251573837217566E12
704,105,0,(turtle 317),15,0.05714285714285714,3.4050436965304355E12
560,105,0,(turtle 317),18,0.032679738562091505,2.5291418064559893E12
265,105,1,(turtle 317),16,0.08333333333333333,3.418183906840805E8
355,105,24,(turtle 317),34,0.0392156862745098,5.062153683242165E8
490,105,110,(turtle 317),107,0.013930523717157467,3.925814225915919E9
825,105,0,(turtle 317),13,0.0641025641025641,3.2753664796640503E12
738,105,0,(turtle 317),13,0.08974358974358974,4.555435748331297E12
941,105,0,(turtle 317),12,0.06060606060606061,2.43013432749043E12
691,105,0,(turtle 317),15,0.047619047619047616,3.985898563647702E12
502,105,0,(turtle 317),12,0.030303030303030304,2.630303192072026E12
405,105,0,(turtle 317),16,0.05,1.8991918368600383E12
5,105,2,(turtle 317),11,0.09090909090909091,2.235470149609474E8
938,105,106,(turtle 317),106,0.021203953279424977,5.0768266577898445E9
422,105,47,(turtle 317),52,0.024132730015082957,9.284942394383683E8
736,105,0,(turtle 317),12,0.06060606060606061,1.7818024977755579E12
708,105,0,(turtle 317),12,0.030303030303030304,4.494373749253874E12
192,105,0,(turtle 317),8,0,2.921441531148516E12
512,105,0,(turtle 317),16,0.041666666666666664,3.252241462893717E12
568,105,0,(turtle 317),24,0.06159420289855073,5.075602436099652E12
372,105,111,(turtle 317),104,0.02333831217326363,5.660251148323665E9
788,105,0,(turtle 317),17,0.04411764705882353,3.5967482995550273E12
387,105,0,(turtle 317),11,0.10909090909090909,2.9609457448205767E12
908,105,0,(turtle 317),17,0.058823529411764705,3.7425134597346943E12
167,105,124,(turtle 317),116,0.010044977511244379,3.6706493458372986E10
593,105,125,(turtle 317),118,0.017528610748949732,3.85616472258488E10
246,105,0,(turtle 317),14,0.04395604395604396,2.94696697259254E12
47,105,0,(turtle 317),9,0.08333333333333333,2.856646256657795E12
554,105,10,(turtle 317),25,0.07666666666666666,1.8283584053874698E8
83,105,0,(turtle 317),8,0.07142857142857142,3.3731346625004863E12
39,105,12,(turtle 317),33,0.0946969696969697,3.49018617215208E8
866,105,119,(turtle 317),112,0.00933075933075933,1.360184307510034E10
886,105,0,(turtle 317),11,0.10909090909090909,4.0899058542295107E12
269,105,0,(turtle 317),12,0.07575757575757576,2.474584384988011E12
505,105,0,(turtle 317),12,0.07575757575757576,3.464185668498087E12
524,105,0,(turtle 317),11,0.01818181818181818,2.442580002784728E12
403,105,0,(turtle 317),13,0.038461538461538464,2.1740791765616602E12
653,105,0,(turtle 317),13,0.07692307692307693,1.5877168298358467E12
518,105,0,(turtle 317),21,0.06190476190476191,3.278238372896413E12
242,105,0,(turtle 317),19,0.05263157894736842,3.357556464826368E12
481,105,0,(turtle 317),11,0,2.1715261166230637E12
612,105,0,(turtle 317),15,0.05714285714285714,1.7543902459917097E12
456,105,0,(turtle 317),14,0.054945054945054944,2.6686412560147773E12
42,105,0,(turtle 317),15,0.05714285714285714,2.3269102129727495E12
436,105,0,(turtle 317),14,0.07692307692307693,3.3304382834041646E12
958,105,0,(turtle 317),18,0.032679738562091505,3.5841104457613813E12
755,105,0,(turtle 317),16,0.06666666666666667,2.3361045770259253E12
224,105,0,(turtle 317),21,0.047619047619047616,2.4122636029224023E12
239,105,1,(turtle 317),14,0.06593406593406594,5.685764409462118E7
218,105,0,(turtle 317),17,0.07352941176470588,2.550307007581006E12
629,105,0,(turtle 317),19,0.05263157894736842,2.0797153716783735E12
423,105,0,(turtle 317),13,0.05128205128205128,2.362539997938707E12
107,105,0,(turtle 317),11,0.05454545454545454,4.261681777442014E12
393,105,0,(turtle 317),20,0.04736842105263158,1.5678363899240754E12
761,105,5,(turtle 317),21,0.06190476190476191,4.7687949705874324E8
305,105,0,(turtle 317),22,0.03896103896103896,6.250649671963932E12
102,105,0,(turtle 317),18,0.058823529411764705,1.7074846752936475E12
759,105,0,(turtle 317),17,0.07352941176470588,1.4506839968127334E12
892,105,0,(turtle 317),16,0.06666666666666667,2.90726063408023E12
430,105,0,(turtle 317),15,0.01904761904761905,3.03881055424968E12
162,105,0,(turtle 317),15,0.0761904761904762,2.5174701843200776E12
890,105,0,(turtle 317),13,0.0641025641025641,1.4814753150346567E12
62,105,0,(turtle 317),17,0.051470588235294115,4.587837900225817E12
774,105,0,(turtle 317),10,0.1111111111111111,3.2550948694889746E12
569,105,0,(turtle 317),15,0.06666666666666667,2.078827552854043E12
600,105,0,(turtle 317),12,0.045454545454545456,2.569542312970859E12
744,105,0,(turtle 317),15,0.06666666666666667,2.7576945712660703E12
208,105,0,(turtle 317),10,0.044444444444444446,2.952645259443278E12
775,105,0,(turtle 317),18,0.05228758169934641,3.902683373546712E12
769,105,24,(turtle 317),33,0.041666666666666664,8.503119745512359E8
976,105,109,(turtle 317),107,0.017280902839005467,3.7794917467855325E9
771,105,0,(turtle 317),18,0.0457516339869281,1.6749387520969531E12
382,105,0,(turtle 317),21,0.06190476190476191,3.545330675797541E12
860,105,0,(turtle 317),18,0.11764705882352941,3.782163907318858E12
541,105,116,(turtle 317),113,0.009797724399494312,7.850101250283706E9
645,105,0,(turtle 317),18,0.06535947712418301,2.799041102293804E12
262,105,0,(turtle 317),13,0.02564102564102564,3.323244595587482E12
174,105,0,(turtle 317),20,0.04736842105263158,3.571508689204716E12
58,105,0,(turtle 317),19,0.05847953216374269,1.8657052028848394E12
447,105,0,(turtle 317),18,0.05228758169934641,1.4251626694725889E12
69,105,123,(turtle 317),112,0.01126126126126126,2.067770866251403E10
531,105,0,(turtle 317),16,0.06666666666666667,3.483055810941335E12
500,105,0,(turtle 317),12,0.07575757575757576,2.1497677833209963E12
821,105,0,(turtle 317),14,0.06593406593406594,2.393458868378192E12
601,105,125,(turtle 317),119,0.012676256943455349,4.267896529318464E10
823,105,0,(turtle 317),18,0.0457516339869281,1.4965331602721414E12
978,105,0,(turtle 317),8,0.10714285714285714,1.618562982633657E12
555,105,0,(turtle 317),9,0.08333333333333333,2.667254682692893E12
85,105,119,(turtle 317),127,0.024746906636670417,9.75862728934244E9
966,105,0,(turtle 317),12,0.06060606060606061,2.576448123129989E12
340,105,0,(turtle 317),7,0.09523809523809523,1.7501487289200662E12
919,105,0,(turtle 317),10,0.06666666666666667,2.7619096739116846E12
901,105,105,(turtle 317),103,0.019227108319055778,3.020624839341077E9
827,105,33,(turtle 317),43,0.03986710963455149,1.001541483936265E9
729,105,119,(turtle 317),118,0.01361726785455599,1.306941402411443E10
483,105,0,(turtle 317),18,0.1437908496732026,2.4077210612896743E12
643,105,0,(turtle 317),10,0.044444444444444446,2.976698200940619E12
200,105,0,(turtle 317),13,0.08974358974358974,2.4943405615123477E12
639,105,0,(turtle 317),15,0.05714285714285714,4.238514474847362E12
128,105,0,(turtle 317),11,0.03636363636363636,1.293436541169329E12
53,105,0,(turtle 317),13,0.05128205128205128,2.880772088832099E12
445,105,0,(turtle 317),8,0.07142857142857142,3.997633128883132E12
34,105,0,(turtle 317),21,0.06666666666666667,4.781007607505518E12
626,105,0,(turtle 317),16,0.05,3.2572115950456714E12
896,105,20,(turtle 317),23,0.015810276679841896,1.0747776566964881E9
392,105,0,(turtle 317),15,0.09523809523809523,3.4817906968160386E12
609,105,0,(turtle 317),11,0.05454545454545454,2.7064079628992046E12
684,105,0,(turtle 317),18,0.058823529411764705,3.926256976982873E12
992,105,0,(turtle 317),24,0.06521739130434782,2.1489870513281035E12
112,105,2,(turtle 317),19,0.07602339181286549,2.81133047272268E8
261,105,0,(turtle 317),14,0.08791208791208792,2.286949786745779E12
913,105,0,(turtle 317),12,0.10606060606060606,1.3623833212835945E12
470,105,113,(turtle 317),108,0.00778816199376947,5.444903527743499E9
800,105,127,(turtle 317),126,0.015111111111111112,6.547171101489858E10
51,105,0,(turtle 317),17,0.058823529411764705,4.2278100936519956E12
529,105,0,(turtle 317),17,0.07352941176470588,3.473821817778134E12
795,105,0,(turtle 317),15,0.047619047619047616,3.1448200792386074E12
453,105,0,(turtle 317),9,0.027777777777777776,3.3271444217962964E12
745,105,0,(turtle 317),12,0.06060606060606061,4.2845080540727534E12
415,105,0,(turtle 317),14,0.054945054945054944,1.570377572084528E12
312,105,69,(turtle 317),73,0.030821917808219176,9.531128782108847E8
638,105,0,(turtle 317),19,0.05263157894736842,2.3047150430645815E12
363,105,0,(turtle 317),13,0.08974358974358974,2.2629664461305063E12
802,105,0,(turtle 317),11,0.01818181818181818,2.788087529897953E12
902,105,0,(turtle 317),14,0.054945054945054944,2.59174760611878E12
636,105,0,(turtle 317),17,0.09558823529411764,3.468260466709534E12
497,105,0,(turtle 317),16,0.05,1.5272271612014998E12
55,105,0,(turtle 317),23,0.07509881422924901,1.8297161250609858E12
779,105,0,(turtle 317),14,0.054945054945054944,2.218223258038487E12
854,105,0,(turtle 317),17,0.0661764705882353,2.4273326221925E12
65,105,0,(turtle 317),17,0.07352941176470588,2.917428123770832E12
460,105,0,(turtle 317),10,0.1111111111111111,2.972623597121322E12
400,105,127,(turtle 317),121,0.014600550964187328,5.178516510780635E10
903,105,0,(turtle 317),10,0.08888888888888889,1.94583788258551E12
421,105,0,(turtle 317),17,0.051470588235294115,3.869746203715428E12
364,105,0,(turtle 317),17,0.03676470588235294,1.4996843239238264E12
796,105,0,(turtle 317),17,0.051470588235294115,2.9406829681418794E12
812,105,0,(turtle 317),15,0.02857142857142857,3.372246362578784E12
117,105,94,(turtle 317),94,0.012582932967284374,1.835108413484285E9
32,105,0,(turtle 317),21,0.05714285714285714,3.038608358153368E12
270,105,0,(turtle 317),10,0.022222222222222223,2.3133786413166577E12
482,105,0,(turtle 317),10,0.1111111111111111,4.394984513124743E12
864,105,0,(turtle 317),18,0.05228758169934641,3.841479019857323E12
77,105,0,(turtle 317),17,0.051470588235294115,1.8939542145381765E12
566,105,0,(turtle 317),17,0.051470588235294115,2.065044687947816E12
194,105,0,(turtle 317),13,0.01282051282051282,2.77794291872621E12
655,105,128,(turtle 317),121,0.01584022038567493,7.182881090937596E10
667,105,0,(turtle 317),18,0.0718954248366013,2.3890471658424507E12
807,105,0,(turtle 317),17,0.014705882352941176,2.5530161135185317E12
406,105,0,(turtle 317),12,0.06060606060606061,2.922203418238428E12
917,105,126,(turtle 317),123,0.016260162601626018,5.170259649737884E10
71,105,0,(turtle 317),13,0.08974358974358974,1.9368669021485586E12
927,105,0,(turtle 317),13,0.05128205128205128,2.006009690405369E12
350,105,0,(turtle 317),16,0.075,2.0364605155483337E12
669,105,0,(turtle 317),17,0.051470588235294115,4.1786878094434395E12
726,105,0,(turtle 317),18,0.0457516339869281,1.9019774876751125E12
894,105,13,(turtle 317),22,0.06493506493506493,3.604272751203504E8
621,105,0,(turtle 317),14,0.04395604395604396,2.211154227163798E12
141,105,0,(turtle 317),17,0.058823529411764705,2.5110643660345615E12
199,105,0,(turtle 317),16,0.06666666666666667,1.5037114604554016E12
451,105,105,(turtle 317),104,0.01549663928304705,3.3592656383607E9
719,105,0,(turtle 317),12,0.045454545454545456,1.6889515886256448E12
778,105,0,(turtle 317),15,0.06666666666666667,2.5364374024319375E12
767,105,0,(turtle 317),14,0.054945054945054944,3.30914099075008E12
777,105,103,(turtle 317),99,0.008658008658008658,2.741159024644604E9
54,105,0,(turtle 317),18,0.08496732026143791,3.8986362569728955E12
675,105,0,(turtle 317),11,0.07272727272727272,4.0578925511865835E12
660,105,0,(turtle 317),16,0.075,2.768891121809619E12
471,105,0,(turtle 317),17,0.03676470588235294,4.7300735386884795E12
985,105,0,(turtle 317),11,0.03636363636363636,3.6840531297701143E12
89,105,0,(turtle 317),16,0.1,4.3340479708896616E12
909,105,0,(turtle 317),13,0.0641025641025641,3.3122445973456235E12
207,105,0,(turtle 317),16,0.058333333333333334,2.911484292241631E12
138,105,65,(turtle 317),70,0.029399585921325053,1.6954003015257034E9
254,105,129,(turtle 317),118,0.0018832391713747645,7.565284607443225E10
732,105,0,(turtle 317),17,0.04411764705882353,3.5564838495919873E12
650,105,38,(turtle 317),48,0.054078014184397165,8.939036610979005E8
851,105,0,(turtle 317),15,0.08571428571428572,2.0903972289388972E12
954,105,0,(turtle 317),12,0.030303030303030304,1.8000023457376545E12
122,105,0,(turtle 317),8,0.07142857142857142,2.3354006074325645E12
884,105,124,(turtle 317),123,0.014394242303078768,3.944643549715523E10
519,105,0,(turtle 317),10,0.044444444444444446,3.3286567188832954E12
581,105,0,(turtle 317),18,0.0392156862745098,1.8216032937788293E12
492,105,0,(turtle 317),16,0.041666666666666664,2.0912759749981638E12
297,105,0,(turtle 317),19,0.07602339181286549,4.0417456356194976E12
869,105,0,(turtle 317),15,0.08571428571428572,1.7089931170536672E12
163,105,0,(turtle 317),19,0.0935672514619883,4.2129389005338965E12
281,105,0,(turtle 317),13,0.02564102564102564,1.4019487169992559E12
973,105,0,(turtle 317),20,0.07368421052631578,2.425402870825371E12
847,105,0,(turtle 317),13,0.05128205128205128,3.205080093511561E12
968,105,2,(turtle 317),14,0.054945054945054944,3.55939395711774E8
956,105,0,(turtle 317),12,0.045454545454545456,4.150244795401829E12
95,105,0,(turtle 317),10,0.08888888888888889,2.0178310375567183E12
126,105,0,(turtle 317),11,0.05454545454545454,4.2684924443431084E12
790,105,122,(turtle 317),120,0.016666666666666666,1.2073714033478333E10
533,105,0,(turtle 317),13,0.038461538461538464,2.661484196537874E12
219,105,0,(turtle 317),15,0.05714285714285714,1.6750884845817812E12
885,105,0,(turtle 317),16,0.03333333333333333,2.8240903451287534E12
360,105,57,(turtle 317),61,0.02841530054644809,1.3369066294762452E9
295,105,24,(turtle 317),33,0.054924242424242424,6.594385738732022E8
87,105,0,(turtle 317),13,0.0641025641025641,3.2015924982343335E12
137,105,0,(turtle 317),15,0.02857142857142857,1.9861622737669373E12
78,105,15,(turtle 317),26,0.06461538461538462,3.5180600537471235E8
33,105,0,(turtle 317),16,0.03333333333333333,3.0388915756478057E12
646,105,0,(turtle 317),16,0.016666666666666666,3.964434150417827E12
395,105,102,(turtle 317),101,0.016435643564356436,3.139329016435776E9
154,105,0,(turtle 317),17,0.04411764705882353,2.5713967503539653E12
897,105,0,(turtle 317),20,0.06842105263157895,4.541331836007042E12
658,105,117,(turtle 317),116,0.008995502248875561,8.382684146787855E9
618,105,0,(turtle 317),14,0.02197802197802198,2.8369587730548633E12
306,105,0,(turtle 317),15,0.02857142857142857,2.4078487495591514E12
832,105,0,(turtle 317),13,0.05128205128205128,1.6112812965915867E12
833,105,116,(turtle 317),114,0.014904517931998137,7.888020950033703E9
113,105,0,(turtle 317),12,0.015151515151515152,3.026827310780796E12
309,105,0,(turtle 317),8,0.03571428571428571,2.0583751629756982E12
318,105,0,(turtle 317),18,0.0718954248366013,3.429668849324458E12
188,105,0,(turtle 317),21,0.08571428571428572,3.306884449738396E12
678,105,0,(turtle 317),7,0.047619047619047616,2.0993289386158765E12
147,105,0,(turtle 317),15,0.11428571428571428,3.2176509477981035E12
478,105,0,(turtle 317),9,0.05555555555555555,2.6319987771370645E12
969,105,0,(turtle 317),10,0.06666666666666667,1.6168602488624385E12
226,105,0,(turtle 317),20,0.08947368421052632,4.3108239403777607E12
323,105,63,(turtle 317),65,0.03125,1.5186992810941615E9
657,105,0,(turtle 317),17,0.07352941176470588,7.729529804065777E12
328,105,130,(turtle 317),124,0.010752688172043012,1.708598295253167E11
970,105,0,(turtle 317),18,0.05228758169934641,4.082893384872346E12
411,105,0,(turtle 317),13,0.05128205128205128,2.6007277596495493E12
888,105,122,(turtle 317),119,0.01296111665004985,1.7974581766593094E10
442,105,0,(turtle 317),16,0.075,3.548829119493693E12
75,105,0,(turtle 317),14,0.01098901098901099,2.8276602805565156E12
152,105,40,(turtle 317),44,0.017970401691331923,7.880068576483845E8
668,105,0,(turtle 317),21,0.04285714285714286,5.937020527404404E12
299,105,0,(turtle 317),14,0.04395604395604396,2.5190603029446597E12
961,105,0,(turtle 317),11,0.05454545454545454,2.706046613702533E12
872,105,11,(turtle 317),19,0.0935672514619883,3.6947092473125017E8
817,105,0,(turtle 317),12,0.09090909090909091,2.3379447663548394E12
161,105,0,(turtle 317),23,0.04743083003952569,3.5868664991728433E12
974,105,0,(turtle 317),17,0.04411764705882353,1.4980684790938552E12
687,105,5,(turtle 317),14,0.06593406593406594,2.3293268705376044E8
329,105,0,(turtle 317),12,0.15151515151515152,1.5913272623130476E12
940,105,0,(turtle 317),16,0.05,1.6205325459874243E12
784,105,0,(turtle 317),12,0.030303030303030304,2.688911204348121E12
238,105,0,(turtle 317),17,0.10294117647058823,5.652221154256828E12
354,105,70,(turtle 317),77,0.028024606971975393,1.7562352945165176E9
507,105,133,(turtle 317),131,0.008925425719318848,2.7168194106264508E11
535,105,63,(turtle 317),63,0.020993343573988736,1.2124256288838797E9
494,105,0,(turtle 317),9,0.08333333333333333,1.6834482187953037E12
925,105,0,(turtle 317),17,0.051470588235294115,2.693071326029561E12
676,105,0,(turtle 317),20,0.06315789473684211,5.667065522730648E12
222,105,0,(turtle 317),20,0.04736842105263158,3.6168246716063477E12
321,105,0,(turtle 317),16,0.03333333333333333,2.7199583799190894E12
73,105,0,(turtle 317),9,0.08333333333333333,3.635602447211199E12
671,105,0,(turtle 317),14,0.02197802197802198,3.878074302394841E12
469,105,0,(turtle 317),10,0.08888888888888889,4.3441840007857197E12
9,105,106,(turtle 317),104,0.01157580283793876,3.8553885842028227E9
768,105,0,(turtle 317),15,0.09523809523809523,3.494369976955062E12
449,105,16,(turtle 317),27,0.04843304843304843,3.5823403538546705E8
714,105,0,(turtle 317),12,0.06060606060606061,2.680010559279254E12
476,105,0,(turtle 317),21,0.06190476190476191,3.755462417474232E12
14,105,0,(turtle 317),11,0,2.5345307722079653E12
652,105,0,(turtle 317),16,0.03333333333333333,3.74786925335783E12
358,105,0,(turtle 317),14,0.08791208791208792,3.949102684603413E12
983,105,0,(turtle 317),14,0.054945054945054944,3.9230991531550757E12
286,105,0,(turtle 317),14,0.08791208791208792,2.6517093264770254E12
486,105,1,(turtle 317),15,0.01904761904761905,1.897399279108794E8
814,105,0,(turtle 317),18,0.0457516339869281,2.1910355816046064E12
462,105,0,(turtle 317),12,0.09090909090909091,3.3822483089197227E12
711,105,0,(turtle 317),15,0.05714285714285714,1.6200385176428914E12
401,105,0,(turtle 317),14,0.054945054945054944,6.4704803558649375E12
982,105,118,(turtle 317),115,0.012967200610221205,9.39954089605407E9
52,105,0,(turtle 317),21,0.07142857142857142,4.843961336703532E12
661,105,0,(turtle 317),15,0.08571428571428572,2.149852424204291E12
378,105,0,(turtle 317),11,0.03636363636363636,3.349354685436895E12
28,105,0,(turtle 317),16,0.075,5.359636101135878E12
725,105,0,(turtle 317),15,0.08571428571428572,2.080642208981679E12
160,105,0,(turtle 317),13,0.08974358974358974,3.001398453135719E12
701,105,0,(turtle 317),12,0.06060606060606061,1.400354335675796E12
616,105,0,(turtle 317),15,0.047619047619047616,2.9903008476105356E12
464,105,0,(turtle 317),21,0.06666666666666667,2.694188863628629E12
228,105,99,(turtle 317),98,0.016621081422259626,2.798718218391094E9
43,105,0,(turtle 317),15,0.047619047619047616,1.3480424793271487E12
84,105,113,(turtle 317),111,0.01294021294021294,6.561477383475194E9
366,105,0,(turtle 317),14,0.03296703296703297,1.9258345725541033E12
399,105,0,(turtle 317),16,0.058333333333333334,2.3323479169208154E12
545,105,0,(turtle 317),12,0.06060606060606061,2.7755636356232275E12
916,105,0,(turtle 317),12,0.09090909090909091,1.5981377714359993E12
873,105,0,(turtle 317),17,0.0661764705882353,2.3388678208591626E12
214,105,3,(turtle 317),12,0.13636363636363635,1.634394262817092E8
750,105,0,(turtle 317),19,0.05847953216374269,4.869776171920771E12
193,105,0,(turtle 317),12,0.045454545454545456,3.168441887133729E12
275,105,0,(turtle 317),14,0.04395604395604396,2.7798498273474683E12
344,105,0,(turtle 317),10,0.06666666666666667,2.7693569529330674E12
210,105,0,(turtle 317),13,0.038461538461538464,1.649872427361738E12
368,105,0,(turtle 317),15,0.09523809523809523,2.3436333695091123E12
811,105,0,(turtle 317),23,0.03557312252964427,5.684689143259107E12
376,105,1,(turtle 317),14,0.06593406593406594,3.1645930754625636E8
369,105,0,(turtle 317),11,0.09090909090909091,2.699443284180886E12
72,105,0,(turtle 317),15,0.0380952380952381,1.2074620662062314E12
431,105,0,(turtle 317),19,0.03508771929824561,3.1009551241815996E12
699,105,0,(turtle 317),11,0.07272727272727272,1.8511980230381E12
828,105,0,(turtle 317),14,0.04395604395604396,2.230713609124219E12
175,105,0,(turtle 317),10,0.044444444444444446,3.0838604739714155E12
527,105,0,(turtle 317),14,0.0989010989010989,2.371361001869023E12
348,105,0,(turtle 317),17,0.029411764705882353,2.549287595879674E12
906,105,0,(turtle 317),15,0.02857142857142857,3.1127801223389985E12
571,105,0,(turtle 317),17,0.04411764705882353,3.2398031315915444E12
590,105,0,(turtle 317),14,0.054945054945054944,2.0035281885122432E12
146,105,0,(turtle 317),12,0.06060606060606061,3.672525899028492E12
196,105,0,(turtle 317),15,0.02857142857142857,1.836842846087152E12
713,105,0,(turtle 317),12,0.12121212121212122,3.427949873292854E12
559,105,0,(turtle 317),16,0.08333333333333333,1.8438664855172437E12
672,105,0,(turtle 317),11,0.07272727272727272,2.6247150599994165E12
863,105,134,(turtle 317),128,0.00812007874015748,6.394804400041395E11
493,105,0,(turtle 317),14,0.04395604395604396,3.096092882953388E12
526,105,0,(turtle 317),20,0.07894736842105263,2.454131534424959E12
380,105,0,(turtle 317),18,0.0718954248366013,2.31593445043383E12
772,105,1,(turtle 317),9,0.05555555555555555,3.5987802545645857E8
317,105,91,(turtle 317),87,0.013900026730820636,2.4457438450047545E9
168,105,0,(turtle 317),17,0.08088235294117647,3.633904737967375E12
237,105,0,(turtle 317),16,0.03333333333333333,4.491569149012202E12
731,105,0,(turtle 317),25,0.03,5.149015299201962E12
313,105,0,(turtle 317),14,0.07692307692307693,3.7995723793818354E12
375,105,0,(turtle 317),23,0.07509881422924901,5.210045846535641E12
981,105,0,(turtle 317),14,0.08791208791208792,2.624042922781635E12
637,105,0,(turtle 317),16,0.09166666666666666,2.2035121255196494E12
260,105,0,(turtle 317),15,0.0761904761904762,4.0947221650239644E12
592,105,0,(turtle 317),11,0.05454545454545454,3.542115466711852E12
205,105,130,(turtle 317),124,0.013375295043273014,1.4097114933859448E11
278,105,0,(turtle 317),22,0.05627705627705628,4.456739905396444E12
740,105,0,(turtle 317),11,0.05454545454545454,3.758707474900281E12
209,105,0,(turtle 317),11,0.05454545454545454,2.8901751482049077E12
181,105,0,(turtle 317),13,0.08974358974358974,1.7057822118144253E12
18,105,0,(turtle 317),12,0.12121212121212122,4.624283060756283E12
334,105,0,(turtle 317),18,0.0784313725490196,3.848695982085047E12
808,105,0,(turtle 317),12,0.045454545454545456,3.450838376627007E12
183,105,39,(turtle 317),51,0.043137254901960784,9.621263595050179E8
186,105,0,(turtle 317),11,0.05454545454545454,3.7987814003677085E12
931,105,0,(turtle 317),15,0.02857142857142857,4.081329755853563E12
315,105,0,(turtle 317),13,0.07692307692307693,4.019294103260822E12
921,105,0,(turtle 317),12,0.06060606060606061,1.9707926574058667E12
543,105,0,(turtle 317),13,0.07692307692307693,2.725208028559075E12
104,105,0,(turtle 317),16,0.06666666666666667,1.5774400576433481E12
695,105,0,(turtle 317),12,0.045454545454545456,2.6753719736932124E12
617,105,123,(turtle 317),122,0.007045115837962336,2.2864043178309288E10
37,105,0,(turtle 317),11,0.07272727272727272,3.0620806094687466E12
595,105,0,(turtle 317),8,0.03571428571428571,1.2724072535203896E12
20,105,0,(turtle 317),21,0.05714285714285714,3.395833455510067E12
876,105,0,(turtle 317),11,0.03636363636363636,1.8773681257570596E12
881,105,0,(turtle 317),10,0.022222222222222223,4.2126891818646113E12
891,105,0,(turtle 317),15,0.02857142857142857,1.8210622047879E12
763,105,0,(turtle 317),18,0.0392156862745098,2.84642367172199E12
477,105,0,(turtle 317),13,0.01282051282051282,1.7382246808955232E12
912,105,75,(turtle 317),76,0.016842105263157894,1.7407941535941992E9
865,105,0,(turtle 317),11,0.05454545454545454,1.603399444067796E12
834,105,5,(turtle 317),17,0.08088235294117647,4.040299622932916E8
337,105,90,(turtle 317),90,0.01523096129837703,1.845270579856709E9
516,105,0,(turtle 317),13,0.08974358974358974,2.695588763632711E12
384,105,0,(turtle 317),11,0.05454545454545454,1.3668033345984775E12
307,105,0,(turtle 317),19,0.05263157894736842,2.992709109900284E12
758,105,0,(turtle 317),13,0,2.915022831550866E12
623,105,0,(turtle 317),18,0.08496732026143791,3.6677323851137983E12
805,105,0,(turtle 317),15,0.05714285714285714,1.7763947118736826E12
553,105,0,(turtle 317),20,0.06315789473684211,2.763182830531939E12
379,105,0,(turtle 317),21,0.06666666666666667,2.6338117319347773E12
31,105,0,(turtle 317),13,0.0641025641025641,2.295950791342441E12
1,105,106,(turtle 317),104,0.016803584764749812,3.2516828996666613E9
231,105,0,(turtle 317),22,0.0735930735930736,4.1588380793216587E12
935,105,0,(turtle 317),17,0.04411764705882353,3.7959076418441357E12
133,105,0,(turtle 317),17,0.058823529411764705,1.3291621070445278E12
574,105,0,(turtle 317),9,0.05555555555555555,3.788929894448646E12
522,105,0,(turtle 317),15,0.047619047619047616,2.9798480917026733E12
3,105,9,(turtle 317),15,0.02857142857142857,3.7545689249086165E8
221,105,0,(turtle 317),17,0.058823529411764705,1.6509857707873186E12
125,105,0,(turtle 317),18,0.05228758169934641,1.9737502739606023E12
614,105,0,(turtle 317),16,0.041666666666666664,1.6707415119614456E12
867,105,0,(turtle 317),17,0.04411764705882353,2.966599332403745E12
910,105,0,(turtle 317),17,0.04411764705882353,3.5011908830927524E12
665,105,0,(turtle 317),21,0.06190476190476191,2.4764028606981206E12
662,105,0,(turtle 317),16,0.125,2.213225758455512E12
766,105,0,(turtle 317),15,0.06666666666666667,1.7646699862202747E12
303,105,0,(turtle 317),17,0.08088235294117647,3.3580572854868843E12
116,105,0,(turtle 317),11,0.09090909090909091,3.431428063575306E12
50,105,0,(turtle 317),16,0.075,1.6777838352391575E12
562,105,0,(turtle 317),12,0.030303030303030304,2.5801961767983105E12
536,105,0,(turtle 317),17,0.08823529411764706,4.476788775780583E12
127,105,0,(turtle 317),15,0.02857142857142857,2.857982444794434E12
949,105,0,(turtle 317),22,0.047619047619047616,4.412902070848863E12
296,105,118,(turtle 317),116,0.01199400299850075,7.700361155543231E9
625,105,0,(turtle 317),15,0.06666666666666667,1.5269396651905405E12
564,105,0,(turtle 317),17,0.022058823529411766,3.599772365196534E12
82,105,81,(turtle 317),81,0.007716049382716049,1.2805936641101246E9
991,105,65,(turtle 317),71,0.026156941649899398,1.2477818432015069E9
45,105,0,(turtle 317),13,0.05128205128205128,1.8187711253437346E12
402,105,0,(turtle 317),11,0.01818181818181818,2.4921630407003037E12
656,105,0,(turtle 317),15,0.047619047619047616,3.1255894931704297E12
180,105,0,(turtle 317),9,0.027777777777777776,3.683542278877128E12
331,105,0,(turtle 317),8,0.03571428571428571,2.6138982700867837E12
367,105,0,(turtle 317),17,0.07352941176470588,3.014867675018845E12
659,105,0,(turtle 317),18,0.0784313725490196,2.9575380115271763E12
563,105,0,(turtle 317),13,0.05128205128205128,2.486929228294838E12
108,105,0,(turtle 317),18,0.0784313725490196,2.3912669657369707E12
272,105,0,(turtle 317),15,0.08571428571428572,5.876653670419963E12
253,105,0,(turtle 317),14,0.054945054945054944,3.0453973903884355E12
950,105,0,(turtle 317),17,0.022058823529411766,4.003443584637097E12
212,105,0,(turtle 317),26,0.07384615384615385,2.3767951706688433E12
437,105,0,(turtle 317),14,0.06593406593406594,2.067303774963541E12
546,105,0,(turtle 317),14,0.0989010989010989,3.4370545959898984E12
930,105,130,(turtle 317),129,0.01308139534883721,1.0713230049733554E11
799,105,0,(turtle 317),15,0.05714285714285714,2.53952505467555E12
587,105,0,(turtle 317),17,0.08823529411764706,4.1376978614944272E12
900,105,0,(turtle 317),13,0.0641025641025641,1.98279274049547E12
716,105,0,(turtle 317),15,0.01904761904761905,3.166522978286489E12
874,105,0,(turtle 317),11,0.05454545454545454,4.957937204754532E12
16,105,0,(turtle 317),15,0.0380952380952381,1.6079032281540078E12
473,105,0,(turtle 317),13,0.02564102564102564,2.103382425394183E12
302,105,0,(turtle 317),14,0.02197802197802198,3.152952471156024E12
59,105,0,(turtle 317),13,0.05128205128205128,3.013290479263035E12
857,105,0,(turtle 317),14,0.04395604395604396,3.054478916285981E12
144,105,0,(turtle 317),14,0.06593406593406594,1.5436074739297676E12
35,105,0,(turtle 317),13,0.07692307692307693,2.7046320520411694E12
247,105,116,(turtle 317),114,0.012265176214873467,9.239926156901718E9
696,105,102,(turtle 317),97,0.013745704467353952,2.2760779700470424E9
820,105,0,(turtle 317),12,0.12121212121212122,1.9457816047684924E12
640,105,0,(turtle 317),17,0.07352941176470588,1.909809995787476E12
911,105,0,(turtle 317),17,0.0661764705882353,1.7959975636871353E12
397,105,99,(turtle 317),100,0.016565656565656565,2.6408576296813664E9
472,105,0,(turtle 317),22,0.030303030303030304,2.9217441838613867E12
879,105,0,(turtle 317),16,0.041666666666666664,1.9701186347310266E12
2,105,118,(turtle 317),112,0.009652509652509652,1.1503734862043827E10
532,105,0,(turtle 317),14,0.08791208791208792,2.1325751418349055E12
373,105,0,(turtle 317),20,0.05263157894736842,4.0274352821114194E12
583,105,0,(turtle 317),14,0.04395604395604396,2.1254899312185825E12
227,105,0,(turtle 317),13,0.038461538461538464,3.123196442564503E12
690,105,0,(turtle 317),13,0.10256410256410256,1.528078184634522E12
511,105,0,(turtle 317),17,0.058823529411764705,2.276691118663716E12
718,105,0,(turtle 317),12,0.06060606060606061,3.0220255453733003E12
506,105,15,(turtle 317),31,0.07096774193548387,5.151884118440948E8
786,105,0,(turtle 317),18,0.0457516339869281,5.472759988815945E12
776,105,105,(turtle 317),99,0.01875901875901876,3.5632037718780413E9
187,105,0,(turtle 317),18,0.06535947712418301,1.736253599259158E12
608,105,0,(turtle 317),19,0.04678362573099415,2.8058073260158486E12
604,105,0,(turtle 317),14,0.02197802197802198,2.8569800212405293E12
468,105,0,(turtle 317),14,0.02197802197802198,2.5218328346899824E12
987,105,0,(turtle 317),15,0.0380952380952381,2.4395345668271763E12
521,105,0,(turtle 317),8,0,1.4022844415461584E12
709,105,0,(turtle 317),16,0.05,3.1807628165987964E12
920,105,121,(turtle 317),117,0.0073681108163866785,1.6479000675726784E10
647,105,0,(turtle 317),26,0.06461538461538462,3.7956209330129414E12
17,105,0,(turtle 317),14,0.054945054945054944,2.5824976157401704E12
702,105,0,(turtle 317),12,0.07575757575757576,2.288320682655393E12
132,105,0,(turtle 317),10,0.08888888888888889,1.7397791140987332E12
76,105,0,(turtle 317),11,0.01818181818181818,2.9418826632005E12
15,105,0,(turtle 317),18,0.0718954248366013,3.315196729658805E12
129,105,0,(turtle 317),12,0.045454545454545456,4.924525398107929E12
343,105,0,(turtle 317),9,0.05555555555555555,2.2426446446488774E12
488,105,0,(turtle 317),16,0.08333333333333333,1.3879037369312734E12
585,105,18,(turtle 317),31,0.06236559139784946,3.80525523509491E8
396,105,0,(turtle 317),13,0.038461538461538464,3.722837925431345E12
997,105,0,(turtle 317),16,0.08333333333333333,3.1253790972783354E12
939,105,0,(turtle 317),15,0.10476190476190476,3.7148278582516636E12
642,105,0,(turtle 317),15,0.09523809523809523,2.845401648956204E12
74,105,0,(turtle 317),20,0.05789473684210526,2.5780932481036904E12
12,105,0,(turtle 317),16,0.058333333333333334,1.1362892143359104E12
0,105,0,(turtle 317),10,0.08888888888888889,3.132712601166029E12
172,105,0,(turtle 317),15,0.047619047619047616,4.848781420584882E12
764,105,0,(turtle 317),21,0.0761904761904762,1.8709368412274197E12
813,105,0,(turtle 317),15,0.02857142857142857,3.2405291798713296E12
394,105,0,(turtle 317),18,0.026143790849673203,2.859210072599499E12
105,105,0,(turtle 317),21,0.05714285714285714,5.976610367159502E12
404,105,0,(turtle 317),16,0.06666666666666667,2.468443418006944E12
448,105,116,(turtle 317),115,0.008390541571319604,6.661516162196252E9
996,105,0,(turtle 317),16,0.058333333333333334,2.3096190512338955E12
631,105,0,(turtle 317),12,0,4.586332921767126E12
948,105,0,(turtle 317),19,0.04093567251461988,4.422923498449922E12
424,105,0,(turtle 317),13,0.05128205128205128,3.6157386163213823E12
770,105,0,(turtle 317),20,0.04736842105263158,5.911221907384395E12
461,105,0,(turtle 317),17,0.029411764705882353,2.767205438007767E12
153,105,0,(turtle 317),20,0.042105263157894736,3.0801858021536577E12
166,105,0,(turtle 317),15,0.0380952380952381,3.1678488050054717E12
353,105,0,(turtle 317),12,0.015151515151515152,4.42443953450414E12
274,105,0,(turtle 317),11,0.01818181818181818,2.1639632806716228E12
383,105,0,(turtle 317),10,0.1111111111111111,2.7126159174721577E12
416,105,0,(turtle 317),11,0.07272727272727272,2.7550517399550874E12
291,105,3,(turtle 317),11,0.03636363636363636,2.3484221063904124E8
182,105,0,(turtle 317),15,0.0380952380952381,2.570874780813596E12
923,105,0,(turtle 317),17,0.08088235294117647,1.6846543229426294E12
843,105,0,(turtle 317),13,0.05128205128205128,2.1561875759904116E12
189,105,0,(turtle 317),15,0.0380952380952381,2.23609516892848E12
185,105,0,(turtle 317),18,0.0457516339869281,2.6240921715340083E12
597,105,0,(turtle 317),18,0.06535947712418301,2.847063940360631E12
576,105,110,(turtle 317),105,0.01391941391941392,4.6161422956397915E9
386,105,0,(turtle 317),16,0.025,4.625023487523877E12
177,105,63,(turtle 317),65,0.025,1.0705127437355471E9
539,105,84,(turtle 317),86,0.013953488372093023,1.4373939985117822E9
24,105,44,(turtle 317),51,0.0203921568627451,1.322434280508188E9
977,105,0,(turtle 317),12,0.015151515151515152,3.99830026848908E12
475,105,0,(turtle 317),21,0.07142857142857142,5.17768080183997E12
861,105,0,(turtle 317),13,0.01282051282051282,1.7085690823510674E12
793,105,0,(turtle 317),21,0.04285714285714286,2.12447716087771E12
435,105,4,(turtle 317),16,0.06666666666666667,3.179629194705411E8
510,105,0,(turtle 317),16,0.041666666666666664,4.0235849402718286E12
999,105,0,(turtle 317),12,0.06060606060606061,3.791000070855343E12
495,105,0,(turtle 317),16,0.06666666666666667,4.71994511845417E12
204,105,0,(turtle 317),13,0.02564102564102564,1.956332611753628E12
101,105,0,(turtle 317),15,0.06666666666666667,2.91166647773634E12
928,105,0,(turtle 317),13,0.05128205128205128,3.8257017453545386E12
365,105,0,(turtle 317),15,0.06666666666666667,2.6599926268626973E12
450,105,0,(turtle 317),19,0.05847953216374269,3.333708997093768E12
48,105,0,(turtle 317),21,0.08571428571428572,2.215397028214571E12
887,105,0,(turtle 317),16,0.09166666666666666,2.062300623339107E12
990,105,52,(turtle 317),60,0.02768361581920904,9.889530904705822E8
589,105,0,(turtle 317),12,0.09090909090909091,1.9592450171973652E12
326,105,0,(turtle 317),20,0.042105263157894736,2.5455693483321772E12
548,105,0,(turtle 317),12,0.10606060606060606,2.2631510873843857E12
611,105,0,(turtle 317),17,0.0661764705882353,5.083276670205755E12
99,105,0,(turtle 317),16,0.075,3.5201505580494907E12
418,105,107,(turtle 317),103,0.020940415000951836,2.8457920162553434E9
844,105,0,(turtle 317),13,0.02564102564102564,2.856400295623036E12
11,105,0,(turtle 317),11,0.03636363636363636,2.4068028457355835E12
292,105,0,(turtle 317),12,0.045454545454545456,4.0395965186896846E12
484,105,0,(turtle 317),14,0.054945054945054944,2.5450402609930405E12
118,105,0,(turtle 317),19,0.05847953216374269,3.0501587805794233E12
109,105,0,(turtle 317),13,0.038461538461538464,2.4053318647596167E12
880,105,0,(turtle 317),10,0.022222222222222223,3.161083768973411E12
257,105,0,(turtle 317),21,0.047619047619047616,2.2244655954100547E12
594,105,0,(turtle 317),13,0.038461538461538464,3.7167721170295977E12
489,105,0,(turtle 317),17,0.09558823529411764,2.8496663883430024E12
508,105,88,(turtle 317),88,0.02690700104493208,1.715119863923186E9
898,105,0,(turtle 317),17,0.014705882352941176,3.6963896714988936E12
169,105,0,(turtle 317),15,0.047619047619047616,1.8886500371467295E12
310,105,0,(turtle 317),9,0.027777777777777776,4.818088581203674E12
868,105,119,(turtle 317),120,0.01442577030812325,1.448447185240553E10
596,105,0,(turtle 317),12,0.030303030303030304,1.407007065955431E12
839,105,0,(turtle 317),11,0.03636363636363636,1.538404295679972E12
924,105,1,(turtle 317),18,0.0718954248366013,4.9039243313853526E8
722,105,0,(turtle 317),16,0.025,1.5328075245114187E12
542,105,0,(turtle 317),16,0.05,4.492893410803916E12
762,105,0,(turtle 317),13,0.05128205128205128,1.9787882418126565E12
605,105,121,(turtle 317),119,0.005982053838484547,1.4643008212799437E10
121,105,0,(turtle 317),21,0.06190476190476191,3.627083571045171E12
591,105,0,(turtle 317),15,0.05714285714285714,4.088354668929547E12
980,105,0,(turtle 317),12,0.045454545454545456,1.4971916210862627E12
338,105,0,(turtle 317),15,0.05714285714285714,3.0544968430689663E12
438,105,0,(turtle 317),19,0.08771929824561403,4.515564868600246E12
743,105,0,(turtle 317),15,0.10476190476190476,1.6398903938625867E12
301,105,0,(turtle 317),12,0.09090909090909091,3.193766868688521E12
409,105,0,(turtle 317),14,0.07692307692307693,3.7774455268835327E12
216,105,0,(turtle 317),13,0.038461538461538464,1.6770003972387861E12
752,105,0,(turtle 317),12,0.045454545454545456,3.893963627476638E12
692,105,0,(turtle 317),17,0.08088235294117647,2.691669337949694E12
606,105,129,(turtle 317),127,0.021372328458942633,1.0639300483788847E11
268,105,22,(turtle 317),33,0.07196969696969698,8.049960230284195E8
150,105,111,(turtle 317),111,0.016707616707616706,5.108962183198741E9
573,105,97,(turtle 317),92,0.015766841853798376,2.3928577575116982E9
22,105,83,(turtle 317),85,0.026330532212885154,1.8757945449802866E9
677,105,0,(turtle 317),17,0.07352941176470588,3.788266174955444E12
710,105,0,(turtle 317),18,0.0457516339869281,2.796468821124328E12
211,105,0,(turtle 317),12,0.045454545454545456,3.105956908317719E12
8,105,0,(turtle 317),15,0.02857142857142857,2.210222008657217E12
499,105,0,(turtle 317),20,0.1,6.504796711955635E12
255,105,0,(turtle 317),16,0.058333333333333334,1.801047823228812E12
36,105,0,(turtle 317),13,0.038461538461538464,3.0221984700928145E12
267,105,0,(turtle 317),14,0.04395604395604396,1.8103768108588052E12
837,105,0,(turtle 317),14,0.054945054945054944,3.0219028864087344E12
682,105,0,(turtle 317),15,0.0761904761904762,7.053055125187371E12
855,105,0,(turtle 317),11,0.09090909090909091,1.7985871913905679E12
670,105,0,(turtle 317),10,0.06666666666666667,1.9203643348145159E12
243,105,0,(turtle 317),9,0.027777777777777776,2.4115635752875444E12
156,105,0,(turtle 317),11,0.07272727272727272,4.287762226670652E12
250,105,123,(turtle 317),113,0.012484197218710493,2.136709442991239E10
936,105,0,(turtle 317),9,0.05555555555555555,3.309962254102049E12
513,105,0,(turtle 317),13,0.02564102564102564,1.826634438164032E12
815,105,4,(turtle 317),17,0.10294117647058823,2.2812352244273114E8
341,105,133,(turtle 317),130,0.013595706618962432,2.2421058738272845E11
845,105,0,(turtle 317),13,0.08974358974358974,3.1791378211802075E12
289,105,31,(turtle 317),40,0.05384615384615385,6.84950465192575E8
201,105,0,(turtle 317),11,0.05454545454545454,2.329142788962202E12
203,105,0,(turtle 317),17,0.08823529411764706,3.0736925861272725E12
233,105,0,(turtle 317),15,0.0380952380952381,2.2809068396206978E12
649,105,0,(turtle 317),14,0.01098901098901099,3.488412763611252E12
955,105,0,(turtle 317),12,0.07575757575757576,2.9591067763377207E12
721,105,0,(turtle 317),17,0.04411764705882353,3.3362376580427935E12
419,105,0,(turtle 317),13,0.07692307692307693,2.0208456941734624E12
398,105,17,(turtle 317),23,0.043478260869565216,3.290333597877816E8
259,105,98,(turtle 317),92,0.013616817964644052,1.8630304900281205E9
244,105,0,(turtle 317),17,0.08088235294117647,1.7399756895948958E12
620,105,6,(turtle 317),17,0.051470588235294115,2.4711296472850427E8
408,105,0,(turtle 317),18,0.05228758169934641,3.016133502029428E12
945,105,0,(turtle 317),17,0.051470588235294115,2.795948997356103E12
80,105,0,(turtle 317),11,0.01818181818181818,1.964241064363906E12
688,105,0,(turtle 317),12,0.06060606060606061,2.5275661508210713E12
440,105,104,(turtle 317),102,0.011259949524364201,3.056788896251721E9
632,105,0,(turtle 317),11,0.07272727272727272,2.227794161168145E12
575,105,0,(turtle 317),14,0.054945054945054944,2.275753142413292E12
782,105,0,(turtle 317),15,0.047619047619047616,2.1581288746553733E12
6,105,0,(turtle 317),15,0.06666666666666667,2.579249120432329E12
705,105,0,(turtle 317),18,0.0718954248366013,4.630315106465942E12
198,105,0,(turtle 317),13,0.05128205128205128,2.451520933293426E12
206,105,0,(turtle 317),15,0.06666666666666667,3.660385912537139E12
582,105,123,(turtle 317),118,0.021874547298276113,2.7217944435160114E10
694,105,0,(turtle 317),15,0.05714285714285714,2.7766080110848687E12
749,105,0,(turtle 317),17,0.0661764705882353,3.743591025694882E12
747,105,0,(turtle 317),14,0.12087912087912088,3.767265018254173E12
835,105,0,(turtle 317),22,0.06493506493506493,2.0298191171391172E12
235,105,0,(turtle 317),13,0.07692307692307693,4.207634725523866E12
641,105,0,(turtle 317),13,0.0641025641025641,2.315513763452525E12
266,105,0,(turtle 317),19,0.04093567251461988,4.758434793781786E12
236,105,0,(turtle 317),18,0.058823529411764705,4.499432410158915E12
610,105,0,(turtle 317),11,0.07272727272727272,2.866029249933421E12
115,105,0,(turtle 317),17,0.051470588235294115,3.565100590289063E12
952,105,1,(turtle 317),16,0.075,1.3361646435453E8
263,105,0,(turtle 317),14,0.02197802197802198,2.868663238698783E12
773,105,0,(turtle 317),15,0.0761904761904762,1.9514129439656255E12
801,105,17,(turtle 317),25,0.08,4.0289661181274927E8
602,105,0,(turtle 317),12,0.07575757575757576,2.1292502403313403E12
29,105,0,(turtle 317),15,0.11428571428571428,3.3173507344109062E12
544,105,0,(turtle 317),11,0.07272727272727272,2.285732096235895E12
96,105,0,(turtle 317),18,0.05228758169934641,1.1115314964926636E12
325,105,0,(turtle 317),11,0.07272727272727272,2.247038476807559E12
549,105,0,(turtle 317),11,0.05454545454545454,2.665799465124375E12
648,105,0,(turtle 317),11,0.07272727272727272,2.747274561809932E12
195,105,0,(turtle 317),17,0.029411764705882353,4.96822266852094E12
474,105,0,(turtle 317),17,0.08823529411764706,2.962905196664108E12
666,105,0,(turtle 317),20,0.03684210526315789,2.645160930111521E12
756,105,0,(turtle 317),14,0.054945054945054944,3.369567778185652E12
523,105,0,(turtle 317),8,0.03571428571428571,6.121847866360347E12
998,105,0,(turtle 317),11,0.05454545454545454,3.875420556453932E12
155,105,1,(turtle 317),12,0.030303030303030304,3.6141408540292567E8
703,105,113,(turtle 317),108,0.007268951194184839,5.291324130437095E9
171,105,0,(turtle 317),11,0.01818181818181818,2.9274601034542197E12
748,105,0,(turtle 317),14,0.04395604395604396,1.9354209144912974E12
293,105,0,(turtle 317),17,0.08088235294117647,3.584482137150826E12
905,105,0,(turtle 317),20,0.042105263157894736,3.0123891061154097E12
818,105,1,(turtle 317),14,0.06593406593406594,1.5435908275230598E8
136,105,8,(turtle 317),18,0.0915032679738562,2.3974184967193604E8
143,105,0,(turtle 317),20,0.021052631578947368,4.0490755006804634E12
586,105,0,(turtle 317),13,0.07692307692307693,1.8348210494903433E12
308,105,0,(turtle 317),14,0.08791208791208792,4.994020513987191E12
345,105,0,(turtle 317),9,0,1.9981147997217825E12
93,105,0,(turtle 317),17,0.08088235294117647,2.5755687269615415E12
907,105,0,(turtle 317),11,0.05454545454545454,3.6132637387005493E12
271,105,122,(turtle 317),123,0.008663201386112223,1.2024384908594555E10
937,105,97,(turtle 317),98,0.017462655165158845,2.4033011209681745E9
501,105,0,(turtle 317),9,0,4.559497708835437E12
288,105,0,(turtle 317),13,0.05128205128205128,3.385311904964736E12
871,105,1,(turtle 317),18,0.06535947712418301,9.183713600894621E7
630,105,0,(turtle 317),11,0.03636363636363636,3.236021798112063E12
446,105,0,(turtle 317),14,0.03296703296703297,2.935218922173873E12
757,105,0,(turtle 317),15,0.02857142857142857,3.414520886706247E12
734,105,112,(turtle 317),108,0.010384215991692628,7.193640418118204E9
580,105,0,(turtle 317),14,0.06593406593406594,2.837268124727494E12
361,105,134,(turtle 317),131,0.018672930123311803,5.356821276490637E11
584,105,104,(turtle 317),103,0.017133066818960593,1.8633021745370896E9
443,105,0,(turtle 317),13,0.038461538461538464,3.2175810688004453E12
741,105,0,(turtle 317),12,0.07575757575757576,2.3396983430913677E12
191,105,0,(turtle 317),16,0.05,1.970187434365731E12
285,105,0,(turtle 317),14,0.03296703296703297,4.205298945923417E12
831,105,0,(turtle 317),14,0.06593406593406594,3.1075998262784478E12
357,105,126,(turtle 317),127,0.015623047119110112,4.115111053684526E10
803,105,0,(turtle 317),10,0.022222222222222223,2.073990825369133E12
479,105,0,(turtle 317),13,0.02564102564102564,2.604568671362557E12
202,105,0,(turtle 317),17,0.04411764705882353,3.009423949567579E12
528,105,1,(turtle 317),21,0.08095238095238096,1.322607301006652E8
619,105,0,(turtle 317),13,0.05128205128205128,2.227577593225153E12
225,105,15,(turtle 317),25,0.05,3.9411563157092905E8
780,105,0,(turtle 317),14,0.054945054945054944,2.615200704333675E12
686,105,86,(turtle 317),85,0.013445378151260505,1.3809930824465566E9
633,105,0,(turtle 317),16,0.05,2.227212252674272E12
846,105,0,(turtle 317),15,0.06666666666666667,3.4622972146704404E12
862,105,0,(turtle 317),10,0.044444444444444446,3.5712899403072275E12
21,105,0,(turtle 317),16,0.075,4.656556423201619E12
870,105,0,(turtle 317),13,0.11538461538461539,1.7823162461224854E12
746,105,0,(turtle 317),14,0.08791208791208792,3.4733452567769404E12
534,105,0,(turtle 317),59,0.04266510812390415,2.10358790826845E13
561,105,0,(turtle 317),18,0.0718954248366013,3.1867516043960786E12
252,105,0,(turtle 317),19,0.08771929824561403,3.511347404319828E12
359,105,0,(turtle 317),13,0.02564102564102564,1.730093203348087E12
753,105,0,(turtle 317),17,0.04411764705882353,3.752469630653207E12
429,105,0,(turtle 317),16,0.1,3.8629716996785303E12
131,105,0,(turtle 317),14,0.06593406593406594,4.065541746235965E12
565,105,0,(turtle 317),11,0.09090909090909091,1.7823493894672192E12
30,105,0,(turtle 317),16,0.05,2.462155690486178E12
578,105,0,(turtle 317),15,0.0380952380952381,3.5279592856500947E12
720,105,0,(turtle 317),15,0.0761904761904762,3.4068244082629146E12
13,105,0,(turtle 317),14,0.02197802197802198,1.9587857116351353E12
215,105,121,(turtle 317),119,0.014527845036319613,1.7350841235541786E10
67,105,0,(turtle 317),10,0.022222222222222223,1.9951245029525571E12
859,105,0,(turtle 317),10,0.1111111111111111,2.1026502090823296E12
723,105,95,(turtle 317),97,0.01524914089347079,1.694515695899263E9
664,105,0,(turtle 317),10,0.08888888888888889,2.9057720616332524E12
794,105,17,(turtle 317),28,0.07407407407407407,4.886261888810663E8
336,105,0,(turtle 317),13,0.05128205128205128,3.956963238608889E12
878,105,0,(turtle 317),15,0.08571428571428572,3.411254010605501E12
81,105,49,(turtle 317),53,0.036284470246734396,1.0557763990551243E9
848,105,0,(turtle 317),11,0.05454545454545454,3.3603233765226655E12
679,105,0,(turtle 317),12,0.045454545454545456,2.3265512307842236E12
733,105,0,(turtle 317),19,0.04093567251461988,3.4409583668416045E12
412,105,0,(turtle 317),13,0.07692307692307693,1.958361367221751E12
458,105,0,(turtle 317),14,0.054945054945054944,3.2900085774498394E12
61,105,0,(turtle 317),16,0.058333333333333334,2.1780317944473767E12
728,105,0,(turtle 317),19,0.07602339181286549,3.564674833557435E12
4,105,0,(turtle 317),17,0.014705882352941176,3.8366594311605513E12
465,105,66,(turtle 317),74,0.030729359496482783,9.011829287754765E8
525,105,0,(turtle 317),16,0.06666666666666667,2.277169577395473E12
426,105,0,(turtle 317),11,0.01818181818181818,3.279302965232652E12
972,105,0,(turtle 317),18,0.013071895424836602,3.167281301201262E12
926,105,0,(turtle 317),12,0.06060606060606061,3.410226781812077E12
889,105,0,(turtle 317),13,0.038461538461538464,1.7980857710364746E12
852,105,1,(turtle 317),14,0.07692307692307693,5.997194413052645E7
335,105,0,(turtle 317),17,0.07352941176470588,3.991448934883427E12
41,105,0,(turtle 317),13,0.05128205128205128,1.7350213246246104E12
114,105,0,(turtle 317),17,0.058823529411764705,2.0930837328486243E12
918,105,128,(turtle 317),126,0.012317460317460317,6.1943499367727455E10
234,105,115,(turtle 317),115,0.011746758199847445,8.405192830502604E9
547,105,0,(turtle 317),21,0.06666666666666667,4.699084751704914E12
273,105,0,(turtle 317),15,0.047619047619047616,1.4639501770868481E12
88,105,0,(turtle 317),19,0.07017543859649122,1.5566380174203257E12
248,105,0,(turtle 317),12,0.06060606060606061,1.988159793209955E12
179,105,0,(turtle 317),17,0.0661764705882353,1.8804979449705093E12
27,105,0,(turtle 317),16,0.041666666666666664,3.499244487418413E12
995,105,1,(turtle 317),8,0.10714285714285714,6.5493493859802134E7
322,105,0,(turtle 317),12,0.13636363636363635,3.5387675271157905E12
754,105,0,(turtle 317),16,0.1,2.6901464747202305E12
829,105,0,(turtle 317),13,0.0641025641025641,4.491571059787903E12
644,105,0,(turtle 317),12,0.045454545454545456,3.5805765998735034E12
119,105,0,(turtle 317),15,0.05714285714285714,3.827671362059072E12
145,105,0,(turtle 317),13,0.08974358974358974,1.8805880015246636E12
100,105,0,(turtle 317),14,0.04395604395604396,2.8528549967645005E12
485,105,0,(turtle 317),18,0.13071895424836602,4.530461891641099E12
466,105,0,(turtle 317),11,0.03636363636363636,3.964076670422466E12
964,105,0,(turtle 317),17,0.029411764705882353,3.5105748127066504E12
362,105,0,(turtle 317),14,0.07692307692307693,2.252101989687368E12
377,105,0,(turtle 317),17,0.07352941176470588,3.0392489304306196E12
993,105,0,(turtle 317),16,0.025,2.1132497285437327E12
717,105,0,(turtle 317),18,0.06535947712418301,2.4513875042944365E12
785,105,0,(turtle 317),14,0.04395604395604396,2.6571829192392217E12
148,105,107,(turtle 317),102,0.005629974762182101,3.4294221322390037E9
38,105,0,(turtle 317),16,0.03333333333333333,1.9727679466190312E12
279,105,0,(turtle 317),16,0.041666666666666664,3.12010242038322E12
347,105,0,(turtle 317),14,0.054945054945054944,3.8654844171445146E12
79,105,0,(turtle 317),10,0.06666666666666667,1.9977124244360947E12
804,105,0,(turtle 317),17,0.058823529411764705,2.834644458794271E12
230,105,0,(turtle 317),19,0.07602339181286549,3.7735484863344844E12
339,105,0,(turtle 317),14,0.07692307692307693,1.2553854057823582E12
942,105,0,(turtle 317),12,0.045454545454545456,1.8051571558339287E12
151,105,0,(turtle 317),20,0.05263157894736842,6.882054532891423E12
904,105,0,(turtle 317),11,0.03636363636363636,2.885115172025535E12
816,105,0,(turtle 317),12,0.07575757575757576,2.2949406384005674E12
277,105,0,(turtle 317),18,0.058823529411764705,3.1753828015238813E12
551,105,49,(turtle 317),57,0.03634085213032581,1.1092512358618748E9
953,105,0,(turtle 317),17,0.0661764705882353,4.2858316629290186E12
934,105,39,(turtle 317),41,0.01707317073170732,7.220762311408468E8
316,105,0,(turtle 317),8,0.14285714285714285,1.2534114921954697E12
342,105,99,(turtle 317),98,0.013465179886387544,2.357236245548766E9
457,105,0,(turtle 317),13,0.0641025641025641,4.075256378787492E12
577,105,0,(turtle 317),10,0.044444444444444446,4.316288770402376E12
282,105,0,(turtle 317),14,0.08791208791208792,3.7209550328526816E12
572,105,0,(turtle 317),19,0.07602339181286549,2.312473100005101E12
165,105,0,(turtle 317),15,0.10476190476190476,2.0744895537904058E12
929,105,1,(turtle 317),13,0.05128205128205128,4.285467994165664E8
232,105,0,(turtle 317),17,0.08088235294117647,3.2629747531455537E12
391,105,0,(turtle 317),13,0.0641025641025641,1.469837544526061E12
427,105,118,(turtle 317),108,0.009865005192107996,6.946695275916816E9
94,105,0,(turtle 317),8,0,2.7235059811787793E12
849,105,45,(turtle 317),50,0.026122448979591838,1.3545538217586565E9
706,105,1,(turtle 317),13,0.07692307692307693,6.294700278389695E7
459,105,0,(turtle 317),11,0.03636363636363636,1.8280425261794668E12
986,105,109,(turtle 317),107,0.014812202433433256,4.322999683006172E9
311,105,112,(turtle 317),114,0.013817730166123273,4.499057514534129E9
66,105,21,(turtle 317),27,0.05413105413105413,6.699152090426418E8
330,105,25,(turtle 317),37,0.052552552552552555,1.067892733475061E9
674,105,0,(turtle 317),20,0.06842105263157895,3.363532030350609E12
789,105,0,(turtle 317),15,0.0380952380952381,1.4118296952618247E12
480,105,0,(turtle 317),14,0.06593406593406594,2.4118324231340605E12
806,105,0,(turtle 317),10,0,4.862041639630007E12
615,105,0,(turtle 317),20,0.042105263157894736,1.4241211649034807E12
49,105,0,(turtle 317),12,0.07575757575757576,3.953714641096643E12
627,105,0,(turtle 317),17,0.08088235294117647,3.83595166906968E12
622,105,12,(turtle 317),26,0.08923076923076922,4.135635779125111E8
434,105,117,(turtle 317),113,0.008059418457648546,7.005773565373804E9
68,105,0,(turtle 317),17,0.029411764705882353,3.010684448264428E12
142,105,0,(turtle 317),13,0.07692307692307693,2.410153667882245E12
751,105,33,(turtle 317),43,0.048726467331118496,6.898615391583656E8
135,105,0,(turtle 317),10,0.06666666666666667,3.720658594261329E12
110,105,0,(turtle 317),16,0.058333333333333334,1.894795471781474E12
176,105,0,(turtle 317),22,0.04329004329004329,5.540227958087166E12
787,105,0,(turtle 317),12,0.06060606060606061,2.628673393701683E12
170,105,0,(turtle 317),12,0.06060606060606061,2.440411427359866E12
388,105,0,(turtle 317),15,0.047619047619047616,3.0757801593886772E12
425,105,0,(turtle 317),10,0.044444444444444446,1.5108181625860117E12
149,105,0,(turtle 317),19,0.04678362573099415,4.1205362504819014E12
111,105,0,(turtle 317),9,0.05555555555555555,1.650063671100805E12
624,105,0,(turtle 317),16,0.025,2.6138971115137383E12
60,105,0,(turtle 317),10,0.06666666666666667,1.869203492593408E12
241,105,0,(turtle 317),19,0.07017543859649122,2.857406600024268E12
389,105,1,(turtle 317),11,0.05454545454545454,1.829967887514894E8
97,105,0,(turtle 317),9,0,1.5892912257027456E12
515,105,0,(turtle 317),18,0.0457516339869281,3.5066665881345635E12
103,105,3,(turtle 317),17,0.0661764705882353,2.235785533244576E8
727,105,0,(turtle 317),15,0.047619047619047616,2.749058116304621E12
689,105,0,(turtle 317),14,0.0989010989010989,2.9230474276152134E12
298,105,0,(turtle 317),10,0,3.8357157556644185E12
120,105,0,(turtle 317),20,0.03684210526315789,2.6547073357982437E12
841,105,15,(turtle 317),33,0.07765151515151515,3.7434217018436676E8
685,105,0,(turtle 317),15,0.06666666666666667,2.606626880985572E12
628,105,1,(turtle 317),11,0,1.192325974722631E8
385,105,0,(turtle 317),18,0.0392156862745098,2.128974370555055E12
962,105,0,(turtle 317),10,0.06666666666666667,2.4159652083999478E12
809,105,0,(turtle 317),15,0.06666666666666667,2.243070264325245E12
698,105,0,(turtle 317),19,0.04678362573099415,3.1638788053414644E12
830,105,0,(turtle 317),18,0.08496732026143791,1.7100553869898245E12
184,105,112,(turtle 317),107,0.02839005466408041,4.5747942170190935E9
280,105,0,(turtle 317),14,0.02197802197802198,3.0567773422414893E12
390,105,109,(turtle 317),103,0.012944983818770227,4.195403021065378E9
946,105,0,(turtle 317),18,0.08496732026143791,2.178219059624378E12
989,105,0,(turtle 317),17,0.051470588235294115,3.979015823475182E12
441,105,0,(turtle 317),10,0.044444444444444446,5.181869607790671E12
822,105,0,(turtle 317),13,0.05128205128205128,3.475299136820079E12
346,105,0,(turtle 317),16,0.03333333333333333,4.415005945246413E12
932,105,0,(turtle 317),16,0.058333333333333334,2.2765804619889507E12
157,105,0,(turtle 317),15,0.09523809523809523,1.9178028337095325E12
304,105,0,(turtle 317),13,0.02564102564102564,1.849240760213282E12
509,105,0,(turtle 317),8,0,2.1943928099041274E12
988,105,123,(turtle 317),112,0.018983268983268985,2.154252116694925E10
877,105,0,(turtle 317),14,0.06593406593406594,4.480794527596117E12
724,105,0,(turtle 317),20,0.042105263157894736,2.828919297749753E12
599,105,0,(turtle 317),17,0.014705882352941176,4.538202475253435E12
943,105,0,(turtle 317),18,0.05228758169934641,3.3398356819522524E12
86,105,0,(turtle 317),17,0.04411764705882353,3.7846713098789824E12
240,105,0,(turtle 317),14,0.07692307692307693,3.7300741803599517E12
26,105,0,(turtle 317),13,0.01282051282051282,1.989564786196738E12
332,105,0,(turtle 317),16,0.09166666666666666,2.430859415979234E12
258,105,18,(turtle 317),33,0.08143939393939394,5.2993916240505695E8
883,105,0,(turtle 317),19,0.08187134502923976,2.550303623238425E12
333,105,0,(turtle 317),22,0.05627705627705628,3.500320908701765E12
607,105,0,(turtle 317),10,0.044444444444444446,3.3072400480556455E12
245,105,0,(turtle 317),15,0.02857142857142857,2.361965003417273E12
158,105,1,(turtle 317),21,0.08571428571428572,1.1690975257240652E8
433,105,0,(turtle 317),11,0.03636363636363636,2.784347329889617E12
417,105,0,(turtle 317),16,0.03333333333333333,4.763079192036503E12
283,105,133,(turtle 317),126,0.011047619047619047,2.5437947833966904E11
432,105,0,(turtle 317),17,0.08088235294117647,3.161296903477897E12
552,105,0,(turtle 317),14,0.054945054945054944,3.3611586838414746E12
23,105,0,(turtle 317),18,0.0784313725490196,3.245772251819541E12
944,105,0,(turtle 317),15,0.05714285714285714,1.497578667687763E12
7,105,0,(turtle 317),31,0.08602150537634409,8.98008461420682E12
882,105,80,(turtle 317),81,0.016975308641975308,2.1815746568060546E9
798,105,0,(turtle 317),10,0.1111111111111111,2.6719739027949834E12
984,105,0,(turtle 317),11,0.05454545454545454,1.2825299377528914E12
836,105,0,(turtle 317),19,0.0935672514619883,4.2382777383091177E12
979,105,0,(turtle 317),15,0.0380952380952381,5.927670307322023E12
410,105,102,(turtle 317),103,0.02017894536455359,2.553545171415174E9
314,105,0,(turtle 317),9,0.05555555555555555,2.744401479747061E12
229,105,0,(turtle 317),18,0.0196078431372549,2.8824496446161064E12
947,105,114,(turtle 317),108,0.014710972654897889,6.500751726632369E9
824,105,0,(turtle 317),17,0.0661764705882353,1.8094339412017605E12
840,105,0,(turtle 317),20,0.07368421052631578,2.871350086461407E12
407,105,4,(turtle 317),20,0.09473684210526316,1.6777397629139298E8
123,105,0,(turtle 317),13,0.08974358974358974,2.473982216889156E12
487,105,0,(turtle 317),20,0.05263157894736842,3.875450095822626E12
965,105,0,(turtle 317),19,0.05263157894736842,2.357598645347787E12
439,105,0,(turtle 317),20,0.07894736842105263,1.5925523499372068E12
856,105,0,(turtle 317),16,0.058333333333333334,3.529980756305761E12
25,105,0,(turtle 317),15,0.0761904761904762,4.742123610992248E12
371,105,0,(turtle 317),17,0.051470588235294115,2.963590464476549E12
514,105,0,(turtle 317),13,0.10256410256410256,3.3736122056639624E12
635,105,0,(turtle 317),19,0.04093567251461988,2.928687443260654E12
284,105,0,(turtle 317),13,0.07692307692307693,2.495392203692367E12
249,105,0,(turtle 317),19,0.04093567251461988,2.7126792811720483E12
